上品,たたずまい
たたずまい,エントランス
エントランス,他
チャペル,存在
存在,ヨーロピアン
全館,バリアフリー
バリアフリー,自由
自由,居室
日当たり,良好
テラス,いす
談笑,楽しい
楽しい,人
裕福,人数
方々,品
アクティビティ,年間
年間,行事
行事,他
方途,一緒
お話,楽しい
楽しい,趣味
趣味,腕
生活,目的
目的,方途
方途,知人
知人,低価格
管理費,食費
食費,1日
口座,引き落とし
引き落とし,複数
手厚い,場所
充実,高い
十分,グループ
グループ,会社
四季,料理
料理,提供
提供,雰囲気
雰囲気,レストラン
レストラン,味
相談,個々
個々,知人
知人,歯
歯,定期的
定期的,相談
相談,やすい
やすい,味
相談,満足
お話,知人
質,説明
説明,細か
細か,お願い
嫌,顔
雰囲気,上品
余裕,印象
印象,住宅街
住宅街,場所
暮らし,祖師谷公園
祖師谷公園,自然
自然,場所
環境,申し分
小田急線,成城学園前
成城学園前,駅
徒歩,アクセス
アクセス,悪い
悪い,室
室,個室
個室,プライバシー
プライバシー,玄関
玄関,廊下
手すり,自分
自分,歩行
催し物,計画
交流,楽しみ
支払,家賃
家賃,管理費
管理費,生活
生活,サービス
サービス,食費
自分,他
見学,想定内
想定内,納得
中心,祭り
祭り,寿司
寿司,流動食
可能,受付
受付,担当
担当,案内
見学,皆さん
皆さん,優しい
会話,建物
建物,一緒
一緒,明るい
明るい,雰囲気
雰囲気,印象
印象,夜間
夜間,勤務
勤務,体制
体制,緊急
緊急,連絡
連絡,体制
体制,提携
提携,病院
病院,説明
サービス,担当
静か,環境
環境,住宅街
住宅街,電車
電車,駅
駅,近い
近い,自宅
自宅,車
車,電話
電話,見学
見学,お願い
お願い,スムーズ
段差,無い
無い,手すり
手すり,やすい
作り,優雅
人,参加
楽しい,生活
生活,飽き
飽き,工夫
工夫,知人
妥当,金額
金額,金額
金額,本人
本人,満足
感想,栄養士
栄養士,バランス
メニュー,皆さん
皆さん,趣味
心強い,体制
高い,病院
病院,連携
連携,スムーズ
成城,緑
緑,景色
景色,最高
高齢者,辛い
辛い,電話
問い合わせ,迅速
迅速,丁寧
丁寧,非常
非常,印象
印象,待機
待機,いい
気,祖父
祖父,利用
利用,記憶
方々,親切
外出,入浴
入浴,サービス
サービス,専用
専用,風呂
設置,トイレ
トイレ,介助
介助,親切
親切,若い
折り紙,手
活動,大きい
介護施設,利用
利用,金額
金額,必要
必要,ミキサー
ミキサー,最初
最初,祖父
支給,完璧
完璧,ミキサー
ミキサー,雰囲気
雰囲気,爽やか
おおい,地域
地域,利用者
挨拶,祖父
祖父,利用
利用,なかった
なかった,医療
医療,体制
体制,詳しい
送迎,気軽
気軽,利用
いす,車
駐車場,広い
期間,訪問
改善,トイレ
丁寧,印象
印象,年間
年間,季節
季節,行事
行事,それなり
それなり,チャペル
チャペル,雰囲気
雰囲気,行事
行事,場所
それなり,値段
栄養,健康
健康,管理
管理,プロ
プロ,大丈夫
大丈夫,見学
見学,皆さん
皆さん,自分
自分,好き
好き,自分
自分,好き
素敵,緊急時
緊急時,体制
体制,職員
職員,研修
静か,住宅街
最寄り,バス停
バス停,バス
バス,苦手
苦手,人
清潔,日当たり
窓,綺麗
綺麗,公園
公園,玄関
玄関,廊下
廊下,手すり
手すり,設置
設置,リハビリ
リハビリ,歩行
歩行,訓練
訓練,玄関
共有,スケジュール
スケジュール,退屈
退屈,程度
程度,催し
催し,地域
地域,ボランティア
ボランティア,グループ
グループ,皆さん
楽しみ,お金
お金,発生
見学,チェック
チェック,高い
母親,銀行口座
銀行口座,引き落とし
要望,母親
状況,好き嫌い
連絡,メニュー
メニュー,母親
心配,案内
案内,担当
勤務,心強い
言葉,母親
母親,持病
持病,気
気,横浜
横浜,総合病院
総合病院,隣接
緊急,連絡
連絡,体制
体制,自分
自分,確認
確認,横浜市
横浜市,郊外
郊外,公園
公園,最高
最高,場所
場所,自分
自分,マンション
マンション,車
可能,状況
状況,日常生活
日常生活,自由度
自由度,十分
残念,居室
天井,高い
高い,開放
開放,プロ
コンサート,レ
レ,Creation
Creation,幅
幅,広い
広い,月
都内,高い
活き活き,雰囲気
雰囲気,最高
最高,趣味
趣味,元気
元気,医療
定期的,研修
都内,住宅地
住宅地,静か
静か,最寄り
最寄り,バス停
バス停,徒歩圏内
徒歩圏内,アクセス
アクセス,やすい
やすい,高級住宅街
高級住宅街,成城
成城,オシャレ
オシャレ,空間
空間,建物
建物,外観
外観,おしゃれ
ヨーロッパ,建物
建物,造り
造り,外観
外観,建物
建物,インテリア
インテリア,素敵
素敵,清掃
清掃,一年
一年,季節
開催,チャペル
チャペル,日本
日本,体験
体験,催し
参加,体制
体制,看護
看護,医療
成城,緑
緑,静か
静か,環境
環境,駅
駅,遠い
遠い,高齢者
高齢者,辛い
辛い,有料老人ホーム
有料老人ホーム,珍しい
珍しい,建物
建物,チャペル
要素,チャペル
建物,自体
自体,建物
建物,無い
目,規模
大きい,程度
程度,広い
広い,一般
広い,日本
日本,ロング
ロング,ライフ
サービス,重視
方々,旅行
旅行,高級
高級,レストラン
他,老人ホーム
成城,場所
場所,ロング
ロング,ライフ
低価格,値段
値段,それなり
それなり,値段
値段,成城学園前
成城学園前,最寄駅
最寄駅,祖師谷公園
祖師谷公園,閑静
閑静,住宅街
住宅街,老人ホーム
老人ホーム,イメージ
イメージ,静か
静か,場所
場所,老人ホーム
ヨーロピアン,建物
建物,ロビー
生活,設備
設備,トイレ
トイレ,バス
雰囲気,要介護
豪華,設備
設備,調度
調度,ゴージャス
ゴージャス,雰囲気
雰囲気,洗練
洗練,サービス
家庭,雰囲気
雰囲気,季節
コンサート,地域
地域,子供
必要,あと
あと,月額
家賃,管理費
管理費,食費
食費,必要
提供,専門
専門,会社
会社,人
健康,状態
状態,提供
非常,楽しみ
楽しみ,満足
心,最高
最高,クオリティ
クオリティ,サービス
サポート,快適
快適,満足度
満足度,高い
高い,生活
看護,医療
医療,体制
バス,バス停
バス停,徒歩
徒歩,閑静
閑静,住宅街
住宅街,祖師谷公園
お話,機会
機会,毎日
毎日,趣味
囲碁,短歌
充実,毎日
毎日,毎日
毎日,生活
心,体
サポート,生活
生活,自立
豪華,一言
一言,外観
外観,高級
優雅,気分
気分,内装
テーブル,テーブル
テーブル,距離
距離,会話
一言,美味しい
料理,期待
期待,レストラン
専門,グループ
グループ,会社
美味しい,料理
料理,提供
提供,知人
知人,話
会話,人
人,苦手
苦手,職員
職員,間
間,他
方途,交流
知人,持病
持病,看護
看護,体制
有難い,体調
体調,変化
変化,気軽
気軽,相談
相談,定期的
定期的,医師
医師,往診
往診,健康
健康,不安
場所,成城
成城,ホーム
ホーム,周り
周り,静か
静か,環境
環境,ホーム
ホーム,周り
周り,自然
ヨーロッパ,外観
外観,インテリア
インテリア,女性
女性,好き
好き,上品
上品,建物
建物,ロビー
ロビー,ソファ
ソファ,友達
友達,談笑
談笑,場所
場所,ホーム
ホーム,駅
駅,距離
距離,バス
バス,タクシー
タクシー,やすい
やすい,場所
場所,閑静
閑静,住宅
家具,設置
店,魅力
魅力,窓
窓,日
日,光
光,日
日,中
中,気持ち
やすい,皆さん
皆さん,レストラン
演奏会,お話
お話,皆さん
年齢,若い
若い,趣味
毎日,成城
成城,高級住宅街
高級住宅街,おしゃれ
中,ヨーロッパ
ヨーロッパ,家具
ヨーロッパ,照明
照明,家具
家具,インテリア
インテリア,造り
造り,掃除
掃除,隅々
ロング,ライフ
ライフ,成城
成城,季節
サークル,活動
活動,盛ん
盛ん,おいしい
おいしい,おいしい
旅行,ツアー
コンサート,サークル
サークル,皆さん
皆さん,元気
元気,印象
印象,機会
土地,空間
空間,ロビー
ロビー,綺麗
綺麗,窓
窓,景色
景色,綺麗
綺麗,木々
室内,綺麗
綺麗,清潔
清潔,明るい
明るい,空間
空間,周り
周り,静か
外,音
音,気
気,通常
旅行,サークル
サークル,美味しい
美味しい,サークル
サークル,皆さん
様子,定期的
定期的,コンサート
祖母,成城学園前
成城学園前,バス
バス,徒歩
徒歩,距離
距離,不便
不便,場所
商店街,公園
公園,散歩
外観,こだわり
こだわり,造り
造り,インテリア
インテリア,好み
好み,ヨーロピアン
家具,好き
好き,祖母
祖母,居心地
空間,空間
空間,自宅
刺激,毎日
毎日,居室
アクティビティ,活動
活動,自由
自由,気持ち
気持ち,参加
参加,楽しい
楽しい,意味
意味,生活
料金,支払い
プラン,月額
こだわり,栄養士
栄養士,料理長
料理長,体制
環境,近所
近所,保育園
保育園,子供
子供,交流
交流,保育園
保育園,運動会
クリスマス,保育園
保育園,子供
子供,ダンス
ダンス,歌
歌,音楽
音楽,演奏
好感,きれいな
きれいな,住宅地
住宅地,駅
駅,遠い
遠い,最寄り
最寄り,バス停
バス停,近い
近い,高齢者
高齢者,駅
駅,移動
移動,大変
大変,近隣
近隣,道路
道路,交通量
道,広い
全館,バリアフリー
バリアフリー,気
気,部分
部分,手すり
手すり,設置
設置,エントランス
エントランス,リビング
リビング,ダイニング
ダイニング,スペース
スペース,ゆとり
ゆとり,窓
窓,大きい
大きい,光
雰囲気,明るい
明るい,居室
ルーム,同様
暗い,雰囲気
レクリエーション,月
月,行事
行事,月
月,メイン
ひな祭り,日本
パフォーマンス,積極的
一緒に,パフォーマンス
パフォーマンス,笑顔
笑顔,レクリエーション
レクリエーション,体験
体験,なかった
なかった,書道
書道,新しい
新しい,趣味
趣味,手
手,機能
機能,維持
維持,年齢
年齢,細かい
細かい,相場
相場,割高
充実,多彩
妥当,金額
金額,知人
満足,程度
程度,仕方がない
状態,大きい
可能,知人
生活,不安
不安,相談
うれしい,嫌
嫌,顔
顔,一つ
一つ,相談
相談,満足
朝食,洋食
洋食,和食
和食,選択
選択,可能
可能,季節
季節,メニュー
メニュー,満足度
満足度,高い
明るい,仕事
仕事,親族
お話,情報
情報,把握
把握,暮らし
暮らし,体調
気,話
話,丁寧
丁寧,くだ
くだ,親族
コミュニケーション,大切
大切,親身
周り,緑
プライバシー,管理
道路,綺麗
緑,音
音,大きい
大きい,気
気,チェック
用賀駅,徒歩
自然環境,充実
充実,緑
散歩,距離
新しい,清潔
清潔,きれい
きれい,明るい
明るい,すごい
すごい,環境
段差,無い
カラオケ,卓球
卓球,ビリヤード
ビリヤード,設備
明るい,元気
それなり,額
額,額
額,無理
料理,おいしい
おいしい,メニュー
メニュー,バリエーション
バリエーション,毎日
毎日,楽しい
動き,皆さん
皆さん,明るい
職員,人数
人数,確保
確保,夜間
夜間,常駐
アクセス,都会
都会,電車
電車,車
車,便
気軽,コンビニ
日常生活,自由度
外出,お酒
自由,基本
基本,きれいな
きれいな,掃除
気,職員
職員,方々
方々,非常
風呂,完全
完全,不満
健康,人
話し相手,残念
参加,季節
季節,行事
行事,嬉しい
嬉しい,花見
花見,車
車,非常
非常,本人
比較,高額
身の回り,お世話
職員,方々
方々,相応
毎日,和食
和食,洋食
高齢者,量
たま,一緒に
気,量
訪問,職員
職員,方々
方々,笑顔
笑顔,要介護
静か,食堂
食堂,レクリエーション
レクリエーション,場所
場所,空間
空間,気分転換
少ない,健康
健康,状態
方々,身内
車,非常
非常,便利
便利,公園
公園,無い
無い,残念
場所,散歩
信頼,看護師
職員,方々
方々,お話し
お話し,楽しい
楽しい,要介護
職員,忙しい
室内,家具
家具,悪い
室内,清掃
清掃,充実
充実,ほしい
ほしい,毎日
体,外出
外出,REC
REC,冬
月額,普通
普通,入所
入所,高い
広い,訪問
全員,あいさつ
あいさつ,非常
非常,礼儀
礼儀,正しい
正しい,月
月,医師
毎日,看護師
看護師,巡回
巡回,医療
充実,環境
自宅,便利
介護施設,設備
高い,見た目
見た目,介護施設
介護施設,家賃
退屈,行事
行事,数多い
数多い,用意
用意,近所
連携,子供
子供,催し
利用者,好評
好評,平均
平均,レベル
レベル,価格
価格,高級
自体,キレイ
キレイ,値段
値段,安心感
安心感,妥当
妥当,コスト
様子,美味しい
美味しい,一見
一見,介護施設
レストラン,メニュー
メニュー,見た目
見た目,非常
非常,演出
専属,料理人
人,穏やか
穏やか,やすい
やすい,雰囲気
雰囲気,大勢
大勢,歓談
歓談,共有
共有,スペース
スペース,広い
広い,多め
印象,日当たり
日当たり,良好
良好,訪問者
訪問者,歓談
歓談,最適
最適,場所
場所,水準
水準,24時間
24時間,看護
看護,夜間
少ない,無い
無い,リハビリ
リハビリ,充実
充実,認知症
認知症,人
距離,バス
バス,一般的
一般的,バス停
バス停,不便
不便,無い
子供,元気
元気,姿
ホーム,閑静
閑静,住宅街
住宅街,静か
静か,緑
緑,豊か
豊か,外観
外観,優しい
高級,マンション
清潔感,建物
建物,新しい
新しい,建物
建物,定期的
定期的,掃除
掃除,お世話
お世話,隅々
隅々,手入れ
手入れ,ロビー
ロビー,廊下
廊下,窓
窓,大きい
少ない,明るい
明るい,気持ち
場所,車椅子
車椅子,やすい
やすい,生活
生活,便利
不自由,簡単
簡単,手すり
手すり,嬉しい
嬉しい,毎日
毎日,バリエーション
バリエーション,豊か
豊か,メニュー
メニュー,豪華
豪華,栄養
栄養,バランス
バランス,健康的
健康的,美味しい
美味しい,季節
季節,メニュー
メニュー,楽しみ
楽しみ,一つ
バルコニー,一般的
比較,珍しい
珍しい,玄関
高級,マンション
マンション,印象
親族,夫婦
夫婦,間取り
間取り,非常
非常,広い
ルーム,魅力的
魅力的,設備
窓,大きい
大きい,室内
室内,暗い
暗い,気持ち
環境,気配り
気配り,印象
入所,同士
同士,交流
友達,各種
各種,行事
生活,お話
お話,設備
設備,パフォーマンス
パフォーマンス,サービス
サービス,内容
高い,印象
印象,他
夫婦,一緒に
金額,安い
安い,価格
価格,設定
設定,人
価格,サービス
非常,オススメ
オススメ,一流
一流,調理
提供,見学
見学,レストラン
レストラン,料理
料理,勘違い
勘違い,豪華
非常,美味しい
親族,普通
普通,レストラン
レストラン,美味しい
美味しい,料理
料理,楽しみ
楽しみ,サービス
サービス,内容
内容,自然
内部,非常
非常,明るい
明るい,開放
不満,満足
満足,雰囲気
丁寧,好感
好感,24時間
24時間,体制
看護,24時間
24時間,常駐
常駐,非常
非常,安心感
安心感,そば
そば,提携
提携,医療機関
医療機関,定期的
医療,体制
体制,抜群
抜群,嬉しい
嬉しい,一つ
一つ,認知症
認知症,普通
徒歩,距離
距離,マイカー
マイカー,面会
面会,駐車
駐車,スペース
スペース,確保
遠方,やすい
やすい,公園
公園,設備
設備,住環境
住環境,住宅地
商業施設,満足
満足,確保
サービス,マンション
マンション,印象
印象,強い
生活,自由度
自由度,高い
広い,清潔感
清潔感,ロビー
ロビー,建物
建物,自体
窓,大きい
大きい,気持ち
かなり,楽しみ
楽しみ,具体的
具体的,価格
平均,高い
高い,納得
納得,和食
和食,洋食
洋食,自分
自分,好み
栄養,管理
管理,訪問者
訪問者,応対
すごい,優しい
優しい,笑顔
笑顔,好感
好感,看護師
看護師,在中
目,やすい
やすい,世田谷
世田谷,環境
共有,スペース
スペース,広い
広い,自然
自然,開放
開放,価格
価格,高め
充実,印象
印象,自分
場所,見学
見学,複数
複数,グループ
グループ,楽しい
楽しい,お話
お話,同士
同士,会話
会話,やすい
やすい,環境
環境,椅子
椅子,気軽
感心,浴室
浴室,天然
余裕,価格
価格,高い
環境,祖母
祖母,見学
見学,世田谷
世田谷,閑静
閑静,住宅街
住宅街,おしゃれ
おしゃれ,建物
建物,中
ロビー,受付
受付,スペース
スペース,高級
高級,雰囲気
雰囲気,窓
窓,外
外,景色
景色,庭
庭,緑
緑,空間
見学,きれい
きれい,フローリング
フローリング,上品
上品,家具
家具,場所
場所,窓
窓,大きい
大きい,明るい
明るい,印象
嬉しい,毎日
毎日,充実
レ,Creation
Creation,手芸
手芸,ダンス
ダンス,ヨガ
ヨガ,興味
開放,高級
高級,有料老人ホーム
有料老人ホーム,クオリティ
クオリティ,団らん
団らん,やすい
やすい,環境
環境,気軽
気軽,椅子
椅子,多め
多め,設置
設置,気配り
気配り,浴室
浴室,安全
安全,天然
天然,高級
レ,Creation
スケジュール,無理
タイプ,高め
豪華,納得
納得,範囲
部分,不自由
一つ,和食
和食,洋食
洋食,選択
選択,朝食
朝食,メニュー
メニュー,気
やすい,用意
用意,旬の食材
旬の食材,季節感
季節感,配慮
配慮,部分
部分,印象
豊か,充実
充実,満足
満足,24時間
24時間,体制
体制,勤務
勤務,看護
場所,アクセス
アクセス,周辺
エントランス,ホール
ホール,日当たり
日当たり,明るい
明るい,綺麗
綺麗,中庭
中庭,つくり
つくり,窓
窓,緑
緑,気持ち
気持ち,季節
季節,花
花,好感
好感,エントランス
エントランス,ホール
ホール,ライブラリー
様々,本
年間,様々
様々,行事
友達,雰囲気
企画,様子
様子,他
高い,質
質,高い
高い,不満
不満,和食
和食,洋食
洋食,四季
四季,減塩
減塩,気
ホール,綺麗
綺麗,眺め
高級,レストラン
レストラン,用賀駅
用賀駅,徒歩
徒歩,場所
場所,バス停
バス停,徒歩
徒歩,バス
バス,アクセス
アクセス,祖母
綺麗,場所
場所,建物
建物,室内
室内,綺麗
綺麗,気持ちよい
気持ちよい,すごい
すごい,祖母
場所,居心地
快適,レ
レ,Creation
Creation,麻雀
麻雀,教室
楽しみ,一つ
月々,家賃
食費,楽しみ
メニュー,大変
大変,美味しい
美味しい,味
味,最初
最初,薄味
薄味,気
気,健康的
健康的,味付け
味付け,満足
満足,高齢
高齢,一人暮らし
心配,入所
笑顔,挨拶
挨拶,話し相手
話し相手,なかった
なかった,祖母
祖母,毎日
毎日,声
声,元気
元気,価格
価格,安い
安い,親族
親族,負担
負担,少ない
少ない,世田谷
世田谷,立地
親戚,やすい
やすい,場所
場所,電話
質問,丁寧
広い,共有
共有,スペース
スペース,ホーム
世田谷,用賀
用賀,場所
場所,それなり
それなり,値段
値段,設備
設備,敷地
広い,用賀
用賀,住宅街
住宅街,敷地
敷地,設備
設備,豪華
豪華,建物
建物,中庭
中庭,ホーム
ホーム,個人的
個人的,雰囲気
雰囲気,明るい
いい,100人
100人,定員
看護師,常駐
常駐,安心感
安心感,病気
電車,用賀駅
車,用賀
用賀,インター
インター,近い
近い,便利
便利,明るい
明るい,太陽
太陽,室
室,つくり
つくり,穏やか
照明,白
白,茶色
茶色,シンプル
シンプル,空間
空間,夫婦
キッチン,完備
完備,自宅
自宅,別荘
別荘,気分
ルーム,定期的
定期的,利用
利用,様々
様々,レ
レ,Creation
Creation,予定
外出,買い物
買い物,REC
気分,値段
値段,他
他,高額
高額,ホーム
ホーム,リゾートホテル
リゾートホテル,たたずまい
たたずまい,清潔感
清潔感,サービス
サービス,充実
充実,値段
値段,栄養
栄養,管理
管理,朝食
朝食,事前
献立,洋食
洋食,和食
和食,フレンチ
個人,好き嫌い
好き嫌い,希望
希望,毎日
毎日,栄養
栄養,管理
管理,好み
仕事,楽しい
楽しい,仕事
仕事,雰囲気
ホーム,24時間
24時間,看護師
看護師,在中
看護師,在中
在中,医療
医療,処置
処置,気兼ね
入所,大きい
徒歩,アクセス
アクセス,面会
面会,やすい
やすい,大通り
大通り,静か
静か,場所
普通,マンション
マンション,間取り
間取り,玄関
玄関,広い
広い,バリアフリー
バリアフリー,キッチン
来客,お茶
お茶,程度
程度,上
上,階
階,眺望
眺望,隣接
隣接,マンション
窓,大きい
大きい,明るい
明るい,広い
広い,設備
設備,住環境
住環境,フロント
敷地,ゆとり
ゆとり,設計
設計,館内
印象,駅
駅,バス
バス,不満
不満,不満
回数,目
目,バス停
バス停,バス
バス,利用
利用,最寄り駅
周辺,環境
環境,都内
都内,ゆとり
ゆとり,成城
成城,立派
訪問,様々
設備,有料老人ホーム
有料老人ホーム,エントランス
エントランス,一流
佇まい,コンシェルジュ
コンシェルジュ,常駐
状態,維持
清潔,共用
共用,スペース
窓,大きい
大きい,十分
十分,光
光,段差
段差,バリアフリー
バリアフリー,車椅子
手すり,必用
必用,高い
高い,レベル
レベル,設備
設備,心配
心配,必要
コンサート,庭園
桜,鑑賞
鑑賞,バスツアー
バスツアー,充実
充実,暮らし
暮らし,様々
様々,教室
教室,積極的
積極的,参加
参加,友人
友人,充実
充実,住環境
プライベート,空間
空間,自分
参加,回り
回り,方途
方途,コミュニケーション
参加,高い
単位,お金
お金,負担
負担,軽い
軽い,知人
知人,満足
満足,レベル
ナイト,品
食堂,レストラン
窓,美しい
美しい,庭園
メニュー,種類
種類,好き
好き,ランチ
ランチ,和食
サービス,本格的
本格的,寿司
レストラン,メニュー
可能,せり
方々,自分
自分,仕事
笑顔,お仕事
難しい,プロ
プロ,距離
距離感,大切
併設,病院
病院,24時間
24時間,体制
体制,日常
日常,診療
年,定期的
緊急時,コール
コール,部分
見学,他
行事,特別
コンサート,ルーム
ルーム,自分
十分,設備
設備,高級
高級,老人ホーム
老人ホーム,最低
美容院,病院
高級,マンション
マンション,立地
立地,便利
便利,普通
普通,人
週,有名
レストラン,ランチ
高級,マンション
職員,職員
職員,ホテルマン
普通,老人
医者,特別
特別,高級
高級,住宅地
住宅地,成城学園
便利,駅
駅,シャトルバス
シャトルバス,閑静
閑静,住宅地
住宅地,感
感,必要
別荘,感覚
感覚,普通
郊外,感
感,強い
強い,知り合い
知り合い,遊び
遊び,難しい
難しい,健康
健康,外
専門,先生
先生,簡単
簡単,ストレッチ
利用者,和やか
和やか,歌
歌,楽しい
楽しい,歌
刺激,高齢者
表情,仲間
仲間,職員
職員,優しい
立地,条件
条件,いい
いい,場所
場所,回り
回り,高級住宅街
建物,自体
自体,ゴージャス
職員,忙しい
成城学園,バス
バス,バス停
バス停,近い
近い,桜
桜,並木
並木,美しい
高級住宅街,いい
いい,雰囲気
雰囲気,建物
コンビニ,レストラン
レストラン,食品
食品,銀行
ショップ,大通り
大通り,利用者
利用者,外出
叔母,夫婦
夫婦,見た目
見た目,老人ホーム
老人ホーム,高級
高級,マンション
マンション,間取り
間取り,家
家,小さい
リビング,快適
診療所,設備
設備,設置
設置,ナースコール
穏やか,弁当
弁当,春
鑑賞,参加
参加,楽しい
トレーニング,ルーム
ルーム,音楽
音楽,ルーム
ルーム,カラオケ
カラオケ,ルーム
ホーム,外
金額,月々
同士,トラブル
スムーズ,生活
生活,様子
様子,中
中,優雅
優雅,安心感
サービス,カロリー
カロリー,栄養
栄養,バランス
バランス,配慮
配慮,味付け
味付け,美味しい
美味しい,味
味,薄味
薄味,物足りない
自分,好き
好き,レストラン
注文,寂しい
楽しみ,老人ホーム
老人ホーム,叔母
叔母,きれいな
きれいな,マンション
マンション,サロン
庭,手入れ
お話,心配り
薬,車
車,不便
不便,成城学園前
成城学園前,最寄り駅
最寄り駅,リビング
リビング,寝室
寝室,キッチン
機能,リビング
リビング,寝室
寝室,窓
窓,大きい
大きい,明るい
明るい,小さい
庭,春
春,庭
庭,きれいな
祖父母,季節
窓,バス
バス,ルーム
ルーム,洗面
洗面,広め
広め,祖父母
便利,キッチン
キッチン,料理
料理,冷蔵庫
冷蔵庫,おやつ
おやつ,電子レンジ
栄養,考慮
考慮,美味しい
祖母,料理
料理,掃除
掃除,居室
居室,清潔
清潔,共用
共用,スペース
スペース,綺麗
居住者,マナー
共有,ラウンジ
ラウンジ,スペース
スペース,の・ようなもの
の・ようなもの,優雅
優雅,見た目
見た目,広い
広い,訪問
歓談,居住者
介護施設,言葉
言葉,贅沢
暮らし,雰囲気
雰囲気,設備
設備,バス
お出かけ,ツアー
ツアー,楽しい
楽しい,祖父母
祖父母,参加
演奏家,コンサート
コンサート,幅広い
幅広い,質
カラオケ,人気
人気,祖母
友達,方途
方途,カラオケ
カラオケ,嬉しい
活用,印象
印象,居住者
医者,お金
お金,不自由
不自由,裕福
祖父,医者
医者,生活
生活,自分
クオリティ,維持
医者,看護師
看護師,常駐
常駐,安心感
説明,祖父母
祖父母,納得
納得,楽しい
楽しい,美味しい
美味しい,質
サイズ,カロリー
味,薄い
薄い,居住者
居住者,苦手
苦手,特別
メニュー,幅
和食,定食
豊富,駅前
駅前,送迎
送迎,バス
綺麗,池
楽しみ,受付
皆さん,丁寧
安心感,あいさつ
あいさつ,和やか
間,電話
感謝,たま
たま,祖母
悪い,お世話
成城,駅
駅,シャトルバス
シャトルバス,便利
便利,バス
バス,快適
風景,祖母
祖母,嬉しい
気配り,温かい
温かい,職員
職員,方々
方々,配慮
配慮,隅々
隅々,ケア
ケア,清掃
清掃,感心
感心,清潔
清潔,気
気,なかった
楽しみ,弁当
弁当,散歩
散歩,川
ホーム,覚悟
覚悟,月々
月々,経費
経費,具合
具合,気
気,相応
相応,サービス
少ない,味付け
味付け,材料
おいしい,歯
歯,自分
自分,歯
おいしい,明るい
明るい,室内
明るい,感心
様々,当たり前
当たり前,生活
適切,感謝
感謝,最寄り
最寄り,駅
駅,近い
近い,面会
面会,友人
負担,少ない
充分,満足
満足,一見
一見,高級
勘違い,豪華
豪華,外観
外観,老人ホーム
豪華,作り
作り,廊下
廊下,トイレ
トイレ,綺麗
綺麗,手入れ
手入れ,他
他,トレーニング
トレーニング,ルーム
ビリヤード,専用
充実,敷地
敷地,病院
お花見,花火
花火,鑑賞
鑑賞,コンサート
コンサート,様々
ダンス,教室
教室,一年
一年,退屈
価値,十分
十分,レストラン
レストラン,豊富
豊富,メニュー
メニュー,用意
用意,メニュー
メニュー,細やか
細やか,配慮
配慮,楽しい
皆さん,笑顔
笑顔,明るい
明るい,質問
フロント,一流
一流,ホテルマン
ホテルマン,遜色
病院,併設
併設,24時間
24時間,体制
体制,医療
健康,相談
相談,医療
医療,サービス
目,外
外,豪華
豪華,外観
佇まい,庭
広い,敷地
敷地,散歩
散歩,清々しい
清々しい,気分
気分,春
春,敷地
敷地,桜
友人,予約
予約,利用
利用,スカイラウンジ
スカイラウンジ,建物
個室,プライベート
プライベート,優雅
種類,メニュー
メニュー,自分
自分,好き
好き,メニュー
メニュー,注文
注文,システム
システム,レストラン
自体,一流
一流,シェフ
幸せ,料理
教育,細かい
細かい,要望
要望,知人
知人,信頼
信頼,知人
知人,訪問
電話,丁寧
丁寧,詳しい
洗練,外観
外観,他
雰囲気,老人ホーム
老人ホーム,様子
設備,非常
非常,素晴らしい
素晴らしい,掃除
掃除,匂い
匂い,共用
共用,スペース
スペース,サービス
サービス,多彩
多彩,銀行
銀行,常駐
レストラン,陶芸
陶芸,専用
専用,スペース
スペース,来客
サロン,個室
常駐,ジム
ジム,和室
和室,一般
クリニック,富士山
居室,広い
広い,狭い
狭い,タイプ
タイプ,広い
広い,冷蔵庫
冷蔵庫,電子レンジ
電子レンジ,洗濯機
洗濯機,設置
様々,スペース
自由,陶芸
価格,設定
設定,安い
お金,必要
必要,金額
金額,準備
設備,サービス
サービス,数
値段,立地
立地,サービス
サービス,考慮
考慮,価格
価格,設定
設定,日替わり
日替わり,ランチ
週,メニュー
メニュー,一般
一般,レストラン
レストラン,遜色
メニュー,メニュー
サイズ,用意
用意,体調
体調,メニュー
メニュー,記載
記載,年寄り
年寄り,配慮
内装,高級
高級,演出
自立,条件
条件,館内
館内,見学
見学,元気
手厚い,サポート
サポート,体制
必要,状態
状態,心配
手厚い,サービス
サポート,医師
医師,看護師
看護師,24時間
24時間,常駐
常駐,非常
非常,安心感
クリニック,内科
受診,可能
可能,診察
待機,可能
心配,リハビリ
利用,可能
可能,小田急線
小田急線,成城学園
成城学園,徒歩
徒歩,位置
位置,駅
駅,遠い
遠い,高級住宅街
高級住宅街,桜
桜,並木
並木,目
徒歩,訪問
訪問,難しい
難しい,駅
定期,運行
運行,利用
利用,可能
テナント,非常
非常,充実
充実,不便
不便,無い
内装,綺麗
綺麗,IH
IH,キッチン
収納,床暖房
床暖房,完備
完備,人
人,動き
動き,感知
感知,センサー
センサー,設置
買い物,場所
場所,敷地
敷地,病院
病院,大変
大変,便利
便利,自立
自立,居住
居住,印象
印象,陶芸
陶芸,ビリヤード
ビリヤード,社交ダンス
社交ダンス,幅広い
幅広い,内容
内容,教室
教室,開催
庭園,お花見
お花見,花火
ツアー,旅行
旅行,コンサート
様々,行事
行事,充実
充実,生活
生活,サービス
サービス,月額
月額,利用
高額,印象
印象,設備
設備,納得
納得,老人ホーム
高級,マンション
マンション,イメージ
イメージ,通常
通常,メニュー
メニュー,設備
設備,正直
印象,予約
予約,本格的
本格的,フレンチ
フレンチ,準備
準備,訪問
体調,好み
好み,料理
印象,高層
高層,エレベーター
エレベーター,元気
印象,フロント
フロント,ホテルマン
看護師,24時間
病院,面
面,すごい
最寄り駅,小田急線
小田急線,成城学園前
成城学園前,遠い
遠い,バス停
バス停,近い
近い,周り
周り,公園
住宅街,位置
管理,庭園
周り,春
春,美しい
美しい,桜
桜,並木
世田谷,住宅地
住宅地,自宅
自宅,近い
近い,祖母
祖母,見学
見学,重厚
重厚,外観
外観,綺麗
綺麗,建物
建物,一見
窓,光
光,日
日,中
木々,都会
都会,自然
自然,場所
場所,メニュー
メニュー,豊富
豊富,自分
自分,気分
友達,一緒に
サービス,外観
外観,オシャレ
オシャレ,大学
エントランス,空間
空間,居室
居室,広い
広い,電子レンジ
電子レンジ,IH
IH,調理
設置,床暖房
床暖房,掃除
掃除,隅々
隅々,丁寧
面,万全
万全,体制
ビリヤード,シアター
シアター,ルーム
ルーム,様々
様々,娯楽
設備,退屈
退屈,知人
知人,年配
年配,シアター
シアター,ルーム
ルーム,映画
映画,程度
程度,活用
活用,かなり
家庭,利用
方々,ホテルマン
ホテルマン,笑顔
笑顔,礼儀
礼儀,洗練
利用,知人
会社,グループ
相当,覚悟
覚悟,ナイト
規模,大変
大変,大きい
大きい,洋風
洋風,雰囲気
雰囲気,建物
建物,敷地
敷地,四季
庭園,共有
共有,スペース
トレーニング,ルーム
ビリヤード,麻雀
麻雀,専用
居室,洋風
洋風,造り
ナースコール,センサー
設備,月
窓,クリーニング
クリーニング,サービス
人,やすい
やすい,共有
共有,スペース
スペース,友達
友達,レ
レ,Creation
教室,充実
充実,写真
笑顔,素敵
素敵,成城学園前
成城学園前,専用
専用,シャトルバス
シャトルバス,中庭
中庭,手入れ
手入れ,サロン
サロン,高級
友人,歓談
歓談,スペース
スペース,使用
使用,スカイラウンジ
スカイラウンジ,富士山
富士山,都会
パーティー,利用
利用,花
クリーニング,ショップ
夏,多摩川
多摩川,花火
企画,麻雀
麻雀,囲碁
囲碁,ルーム
ルーム,ビリヤード
ビリヤード,ルーム
ルーム,本格的
本格的,映画鑑賞
映画鑑賞,シアター
シアター,ルーム
ルーム,充実
充実,一流
コンサート,企画
企画,季節
季節,庭園
鑑賞,花火
花火,鑑賞
鑑賞,クリスマス
有名,レストラン
レストラン,バスツアー
バスツアー,毎日
毎日,企画
価格,高い
高い,コンシェルジュ
サービス,総合
総合,相応
相応,価格
メニュー,治療
サービス,他
24時間,常駐
テラス,防犯
防犯,センサー
センサー,住居
体制,充実
併設,医師
24時間,常駐
常駐,診療
診療,健康
健康,相談
医療,サービス
サービス,医師
医師,看護師
看護師,居室
体制,シャトルバス
シャトルバス,成城学園前
成城学園前,アクセス
アクセス,便利
便利,周辺
周辺,四季
四季,桜
桜,並木
並木,環境
駅,近い
近い,専用
専用,バス
バス,緑
印象,建物
建物,内装
内装,すばらしい
すばらしい,職員
職員,話
話,テレビ
重厚,サロン
サロン,趣味
個室,内装
内装,ベランダ
ベランダ,キッチン
料理,自分
自分,食堂
食堂,気分
気分,訪問
訪問,ランチ
ランチ,おいしい
おいしい,予約
個室,用意
用意,料理
食堂,好き
風呂,大浴場
必要,認知症
認知症,医療
階,見学
本人,自分
廊下,老人
老人,職員
必要,ロイヤル
ロイヤル,ケア
一般,居
共用,スペース
スペース,見学
見学,囲碁
体操,ダンス
ダンス,映画鑑賞
映画鑑賞,ビリヤード
エレベーター,退屈
退屈,館内
館内,方々
方々,活き活き
活き活き,普通
普通,年金
年金,無理
料理,種類
種類,気分
気分,味
味,美味しい
明るい,案内
案内,質問
質問,館内
必要,ロイヤル
ロイヤル,ケア
ケア,駅
駅,近い
近い,緑
環境,レストラン
レストラン,スーパー
スーパー,散歩
散歩,お酒
お酒,食堂
食堂,仲間
清潔,日当たり
眺め,悪い
悪い,共有
共有,スペース
スペース,車椅子
車椅子,移動
移動,考慮
考慮,風呂
風呂,清潔
清潔,リハビリ
リハビリ,関係
花見,紅葉
紅葉,四季
四季,行事
行事,ひな祭り
ひな祭り,クリスマス
薄味,品数
明るい,看護師
看護師,近隣
近隣,病院
病院,連携
連携,安心感
安心感,自宅
自宅,基本的
基本的,自動車
訪問,距離感
距離感,悪い
悪い,母親
豪華,エントランス
エントランス,レストラン
レストラン,居心地
図書,趣味
風呂,清潔
清潔,居住
居住,スペース
元気,駅
駅,シャトルバス
シャトルバス,利用
利用,元気
元気,楽しみ
素晴らしい,運営
高額,利用
利用,体験
体験,ランチ
ランチ,メニュー
メニュー,種類
種類,いい
いい,事前
事前,予約
予約,好き
好き,バランス
盛り,きれい
きれい,案内
案内,人
看護師,常駐
常駐,病院
病院,提携
提携,緊急時
シャトルバス,最寄り駅
最寄り駅,不便
周り,緑
大変,丁寧
丁寧,親切
親切,室
室,個室
個室,トイレ
レストラン,完備
参加,可能
可能,介護施設
高い,相応
シェフ,腕
腕,確か
確か,付属
付属,レストラン
レストラン,味
味,満足
満足,誕生日
誕生日,一緒に
細やか,配慮
配慮,不便
不便,自宅
自宅,車
車,外
外,中
印象,義父
義父,本人
本人,娘
娘,妻
妻,幸せ
幸せ,気持ち
義父,お金
義父,妻
妻,不満
細かい,私たち
私たち,自宅
自宅,商店街
商店街,駅
駅,近い
近い,見舞い
見舞い,便利
清潔感,空間
雰囲気,老人ホーム
老人ホーム,綺麗
綺麗,場所
場所,来客
来客,楽しい
楽しい,場所
場所,生活
生活,万が一
万が一,体調
ケア,場所
月,種類
種類,ルーム
ルーム,サークル
サークル,参加
サークル,仲間
仲間,友達
友達,自分
生活,納得
納得,価格
価格,料理
料理,レストラン
レストラン,季節
季節,料理
料理,味付け
味付け,おいしい
中,いろいろ
いろいろ,タイプ
タイプ,料理
特別,料理
料理,毎日
同行,病院
病院,受診
連絡,早い
早い,ロビー
ロビー,掃除
すごい,綺麗
作り,体
体,不自由
不自由,利用
利用,バリアフリー
バリアフリー,作り
栄養,管理
健康,管理
健康,重視
重視,味
空間,勘違い
勘違い,手すり
手すり,バリアフリー
バリアフリー,車椅子
方々,快適
快適,気
気,段差
段差,様々
様々,季節
退屈,無い
無い,高い
高い,設備
設備,安い
安い,それなり
栄養士,お話
お話,栄養士
栄養士,管理
管理,メニュー
メニュー,細かい
細かい,バランス
方途,笑顔
笑顔,会話
信頼,足
足,一流
空間,ライブラリー
ライブラリー,ビリヤード
ビリヤード,ルーム
明るい,印象
印象,バリアフリー
バリアフリー,料理
料理,自分
自分,キッチン
バス,ルーム
大浴場,楽しい
楽しい,行事
行事,お正月
囲碁,クラブ
クラブ,ストレッチ
ストレッチ,体操
カラオケ,社交ダンス
社交ダンス,卓球
開催,普通
普通,高級
高級,相場
キレイ,いろいろ
いろいろ,楽しみ
楽しみ,妥当
毎日,メニュー
メニュー,苦手
方々,いろいろ
定期,健康診断
健康診断,建物
建物,診療所
診療所,緊急
緊急,コール
コール,室内
室内,24時間
方途,インターホン
インターホン,安心感
安心感,医療機関
医療機関,提携
街,近い
近い,イメージ
お出かけ,場所
見学,宿泊
宿泊,体験
体験,安い
電話,丁寧
丁寧,説明
説明,高級
優しい,大変
大変,満足
満足,知り合い
車椅子,プライバシー
高い,高級
おいしい,親切
親切,病院
いい,駅
駅,近い
近い,いい
きれい,豪華
豪華,マンション
マンション,外観
外観,高級
館内,四季
四季,花
花,一つ
一つ,一つ
一つ,家具
家具,こだわり
こだわり,ビリヤード
ビリヤード,大浴場
大浴場,レストラン
レストラン,館内
豪華,生活
生活,季節
サークル,活動
説明,居室
居室,キッチン
キッチン,自分
自分,料理
料理,レストラン
減塩,気
気,健康
健康,いい
提供,味
味,美味しい
美味しい,大変
大変,素敵
方々,親切
親切,礼儀
礼儀,正しい
正しい,教育
教育,地域
地域,協力
協力,医療機関
医療機関,館内
館内,看護師
徒歩,周り
買い物,便利
元気,人
人,アクセス
広い,キッチン
キッチン,浴室
浴室,トイレ
トイレ,収納
収納,ベランダ
ベランダ,広い
広い,開放的
開放的,緊急時
緊急時,連絡
共有,スペース
スペース,エントランス
雰囲気,レストラン
レストラン,予約
図書館,演奏会
大浴場,母
母,風呂
風呂,映画
中心,サークル
サークル,趣味
趣味,大切
大切,いい
いい,カラオケ
カラオケ,ルーム
ルーム,母
母,大変
大変,支払
高い,設備
設備,妥当
妥当,月額
月額,概算
概算,レストラン
レストラン,月
有名,和食
和食,調理
調理,料理長
料理長,おいしい
おいしい,予約
遊び,膳
膳,用意
用意,子供
子供,膳
膳,用意
用意,個室
プライベート,快適
快適,母
母,友達
廊下,挨拶
老人,雰囲気
相談,気軽
気軽,母
母,やすい
高額,住宅
住宅,上品
お話し,風景
風景,庭
庭,広い
広い,綺麗
綺麗,整備
整備,気持ち
気持ち,いい
いい,母
母,自立
職員,看護師
看護師,常勤
常勤,協力
協力,医療機関
医療機関,相談
周辺,住宅街
騒音,道
きつい,近い
近い,駅
増尾駅,スーパー
無い,母
母,アクセス
アクセス,母
母,友人
友人,紹介
見学,南
担当,丁寧
丁寧,説明
空間,豪華
豪華,ロビー
ロビー,ラウンジ
ラウンジ,中庭
中庭,来訪
来訪,歓談
歓談,居室
居室,ベランダ
ベランダ,開放
開放,キッチン
キッチン,料理
サークル,活動
方々,コミュニケーション
共有,ダイニング
ダイニング,四季
四季,食材
食材,使用
使用,料理
明るい,親切
生活,地域
地域,協力
協力,医療機関
医療機関,連携
連携,必要
必要,通院
通院,入院
増尾駅,閑静
閑静,住宅街
住宅街,立地
立地,スーパー
スーパー,ドラッグストア
飲食店,増尾駅
増尾駅,徒歩
徒歩,便利
居室,日当たり
ジム,プール
映画鑑賞,様々
様々,種類
退屈,無い
高め,設備
充実,総合
総合,コスト
コスト,ホーム
ホーム,栄養
栄養,バランス
バランス,カロリー
カロリー,献立
献立,建物
建物,自体
自体,大きい
大きい,清潔感
病院,提携
提携,送迎
送迎,訪問
訪問,診療
診療,必要
近い,お見舞い
お見舞い,電車
電車,車
車,おすすめ
おすすめ,建物
建物,古い
古い,掃除
掃除,日当たり
周辺,木々
バリアフリー,廊下
廊下,広い
広い,確保
確保,館内
館内,車椅子
車椅子,移動
移動,個室
個室,広い
広い,室
室,確保
確保,プライバシー
プライバシー,確保
確保,音
音,静か
静か,共用
共用,スペース
スペース,風呂
風呂,プール
プール,充実
充実,リハビリ
リハビリ,設備
充実,価格
価格,駅
駅,専用
専用,バス
バス,カラオケ
カラオケ,卓球
卓球,囲碁
種類,クラブ活動
活動,元気
元気,人
人,参加
状態,参加
参加,親族
親族,利用
利用,機会
関係,月
月,老人ホーム
都市銀行,不自由
不自由,味
味,通常
通常,特別
特別,流動食
流動食,カバー
カバー,栄養
栄養,バランス
バランス,栄養
栄養,配慮
配慮,キッチン
キッチン,自分
質,高い
高い,人
忙しい,ホーム
ホーム,お話
お話,機会
機会,定員
職員,要介護
確保,関係
関係,病院
病院,ケア
ケア,センター
センター,連絡
連絡,体制
郊外,駅
駅,車
車,場所
場所,周辺
不便,病院
病院,通院
通院,便利
日常生活,自由度
仕事,人
長い,全館
全館,南
日当たり,最高
最高,玄関
玄関,ホール
ホール,吹き抜け
吹き抜け,シャンデリア
シャンデリア,高級
高級,食堂
食堂,中央
中央,グランドピアノ
グランドピアノ,テーブル
テーブル,いす
いす,個室
個室,風呂
風呂,人
人,広い
自由,プール
プール,スポーツ
スポーツ,ジム
ジム,趣味
完備,館内
館内,ケア
必要,人
基本的,場所
場所,車いす
車いす,移動
移動,個室
立地,環境
バス,アクセス
館内,行事
行事,誕生
誕生,映画
映画,コンサート
コンサート,外出
外出,行事
希望,バス
バス,日帰り
日帰り,旅行
旅行,コンサート
定期,満足
医師,看護師
看護師,同行
万全,夫婦
安い,金額
金額,食堂
食堂,利用
利用,利用
利用,食費
必要,ケア
介護保険,制度
支払い,銀行口座
引き落とし,館内
館内,銀行
銀行,ＡＴＭ
ＡＴＭ,お金
お金,便利
便利,食堂
食堂,メニュー
メニュー,基本
基本,種類
メニュー,基本的
基本的,定食
栄養,バランス
バランス,カロリー
カロリー,計算
ケア,人
人,食堂
食堂,メニュー
メニュー,ケア
基本的,自立
自立,生活
生活,人
高い,教育
教育,レベル
高い,人
教育,基本的
満足度,高い
高い,自立
自立,老人
老人,マンション
看護,職員
病気,総合病院
総合病院,送迎
職員,付き添い
異変,自室
24時間,制度
制度,トイレ
トイレ,感知
職員,体制
体制,近い
車,東京
横浜,インター
インター,便利
便利,総合病院
総合病院,大手
大手,スーパー
スーパー,徒歩圏内
徒歩圏内,コンビニ
コンビニ,商店街
商店街,自然環境
自然環境,緑
土地,変化
変化,天気
訪問,基本的
基本的,自由
用意,基本的
基本的,自立
自立,人
生活,自由度
自由度,大きい
大きい,食堂
居室,自由
自由,高級
高級,タイプ
タイプ,老人ホーム
内装,外観
外観,魅力
魅力,内装
内装,すごい
毎日,生活
生活,快適
関係,設備
設備,完備
完備,イメージ
設備,いい
いい,食堂
食堂,ホール
ホール,広い
広い,魅力
魅力,駐車場
駐車場,車
車,高齢者
高齢者,利用
利用,オススメ
オススメ,各種
各種,レ
レ,Creation
Creation,カルチャー
カルチャー,関係
充実,健康
健康,行事
参加,いい
いい,高級
設定,特別
請求,お金
お金,余裕
余裕,無い
無い,きつい
駐車場,有料
有料,利用
利用,いい
いい,高級
高級,雰囲気
職員,サービス
雰囲気,24時間
24時間,体制
体制,医療
医療,サービス
サービス,嬉しい
嬉しい,緊急
システム,完備
完備,診療
診療,設備
公園,快適
快適,環境
環境,最寄り駅
バス,利用
車,お見舞い
お見舞い,便利
便利,内装
内装,綺麗
印象,廊下
廊下,幅
移動,やすい
やすい,サークル
サークル,行事
行事,充実
充実,季節
季節,お花見
大会,演奏会
演奏会,魅力
魅力,音楽
音楽,嬉しい
充実,楽しい
メニュー,食
印象,喫茶
魅力的,建物
建物,自体
自体,外
外,光
光,やすい
明るい,印象
印象,快適
快適,看護師
看護師,24時間
24時間,体制
体制,健康
健康,維持
大切,安心感
安心感,横浜
遠い,立地
横浜,見学
見学,介護施設
高級,マンション
マンション,清潔感
清潔感,高層
高層,眺め
高級,マンション
マンション,感覚
感覚,近い
近い,フロント
フロント,食べ物
食べ物,飲み物
コンビニ,便利
便利,高め
高め,設定
設定,環境
環境,価値
価値,十分
十分,見学
目,笑顔
笑顔,心
心,温かい
温かい,一流
ホスピタリティ,手厚い
手厚い,魅力
魅力,ヴィンテージ
ヴィンテージ,Villa
Villa,横浜
横浜,介護施設
介護施設,高級
高級,マンション
広い,夫婦
見学,広め
広め,窓
非常,快適
快適,生活
生活,共有
共有,スペース
スペース,多目的ホール
多目的ホール,ダイニング
ダイニング,ホール
ホール,エントランス
エントランス,ホール
ホール,充分
充分,広い
広い,確保
ルーム,せり
教室,体操
体操,教室
教室,ダンス
ダンス,ヨガ
ヨガ,教室
教室,種類
種類,レ
レ,Creation
Creation,用意
用意,小さい
小さい,図書館
図書館,併設
方々,元気
皆さん,活動
活動,参加
参加,姿
姿,印象
広い,タイプ
タイプ,レベル
レベル,有料老人ホーム
有料老人ホーム,価格
価格,高額
充実,素晴らしい
素晴らしい,サービス
サービス,内容
内容,仕方がない
レストラン,ダイニング
ダイニング,ルーム
料理,見学
朝食,夕食
夕食,和食
和食,洋食
洋食,メニュー
メニュー,選択
選択,料理
料理,バランス
バランス,メニュー
メニュー,多彩
多彩,美味しい
美味しい,満足
満足,腕
生活,雰囲気
行事,用意
用意,忙しい
非常,魅力
方々,お話
お話,丁寧
丁寧,質問
看護師,24時間
24時間,ケア
ケア,体制
体制,緊急時
緊急時,医療
医療,体制
体制,健康
健康,相談
相談,定期的
定期的,医師
医師,訪問
訪問,医療
緊急,ボタン
ボタン,医療行為
提携,介護施設
周辺,環境
環境,緑
最適,環境
利用,アクセス
アクセス,非常
非常,面倒
面倒,電車
電車,バス
バス,タクシー
タクシー,利用
利用,おすすめ
清潔,大変
高層,日当たり
日当たり,眺め
広い,大変
大変,広い
広い,両親
両親,老人ホーム
老人ホーム,数多い
数多い,見学
見学,高額
高額,物件
物件,居室
居室,大変
大変,狭い
リビング,ベッド
ベッド,ルーム
ルーム,窓
窓,外
外,バルコニー
大変,開放
開放,広い
広い,居室
居室,新しい
両親,不満
前面,室内
室内,スポーツ
スポーツ,大型
ヨガ,指導
指導,スポーツ
スポーツ,好き
好き,両親
両親,評価
活動,様々
様々,活動
活動,様子
様子,見学
見学,折り紙
折り紙,綺麗
定期的,開催
開催,様子
写真,皆さん
皆さん,活き活き
活き活き,好感
好感,両親
高い,覚悟
覚悟,新築
最寄り駅,距離
距離,電車
コスト,物件
ナイト,嫌
嫌,ＡＴＭ
メニュー,試食
試食,評価
ダイニング,ルーム
レストラン,大変
テーブル,大きい
大きい,テーブル
テーブル,距離
距離,車椅子
車椅子,ダイニング
ダイニング,ルーム
メニュー,季節
季節,おいしい
おいしい,メニュー
メニュー,料理
料理,メニュー
メニュー,悪い
悪い,意味
メニュー,飽き
シンプル,和食
和食,洋食
洋食,メニュー
メニュー,積極的
積極的,評価
評価,見学
方々,皆さん
皆さん,笑顔
笑顔,挨拶
挨拶,大変
大変,好感
老人,車椅子
車椅子,場面
声,丁寧
丁寧,お仕事
大変,信頼
方々,評価
評価,居室
印象,数
感想,感想
看護,体制
体制,特別
提携,病院
病院,定期的
定期的,医師
医師,訪問
訪問,診察
診察,24時間
24時間,体制
体制,看護師
常駐,ヴィンテージ
ヴィンテージ,Villa
Villa,横浜
介護施設,体制
体制,意味
意味,価格
価格,比較
比較,医療
医療,体制
体制,充実
医療,体制
体調,サポート
サポート,ケア
ケア,体制
面,大きい
大きい,信頼
横浜市,土地
駅前,周辺
周辺,土地
土地,高い
高い,土地
土地,自体
介護施設,駅
駅,バス
バス,移動
移動,必要
必要,場所
ヴィンテージ,Villa
Villa,横浜
散歩,駅
駅,運動
運動,両親
両親,辛い
辛い,車
車,移動
駅,場所
居室,広い
広い,バリアフリー
バリアフリー,車椅子
車椅子,生活
生活,やすい
やすい,バルコニー
バルコニー,景色
清々しい,景色
気持ち,定期的
情報誌,の・ようなもの
職員,声
声,情報誌
短歌,祖母
情報誌,職員
職員,声
感謝,シャンデリア
シャンデリア,グランドピアノ
グランドピアノ,きれい
きれい,室内
室内,バリアフリー
バリアフリー,車椅子
車椅子,やすい
やすい,トイレ
トイレ,広い
広い,体
体,不自由
不自由,お花見
お花見,季節感
季節感,日帰り
日帰り,旅行
旅行,映画
映画,体操
体操,毎日
毎日,企画
企画,短歌
短歌,サークル
サークル,活動
活動,盛ん
高い,お金
お金,質
質,美味しい
美味しい,遊び
遊び,人
人,一緒
一緒,シャンデリア
シャンデリア,グランドピアノ
グランドピアノ,レストラン
レストラン,豪華
豪華,レストラン
レストラン,玄関
季節,花
花,素敵
車,病院
病院,送迎
送迎,定期的
定期的,通院
通院,必要
通院,最寄り駅
最寄り駅,バス
バス,バス
バス,本数
駅,遠い
広い,普通
普通,マンション
マンション,一室
一室,広い
広い,キッチン
キッチン,風呂
夫婦,自宅
正直,マンション
マンション,値段
値段,自分
自分,予約
予約,食堂
健康,人
方々,自由
自由,外出
心配り,いい
いい,万が一
最寄り,駅
駅,バス
バス,不便
不便,近所
近所,スーパー
買い物,いい
夫婦,面倒
面倒,人
人,人
人,病気
面倒,システム
マンション,いい
いい,フロント
フロント,共用
共用,スペース
スペース,お見舞い
子供,一緒
一緒,気兼ね
ルーム,自分
自分,好き
好き,プログラム
運動,利用
利用,欲しい
欲しい,祖母
祖母,身体
利用,横浜市
料金,高め
高め,地域
地域,他
他,比較
サービス,質
質,妥当
妥当,駐車場
レストラン,ダイニング
ダイニング,ルーム
ルーム,利用
利用,ケア
人,メニュー
メニュー,用意
担当,親切
お願い,ケア
24時間,常駐
システム,個人
プラン,健康
健康,維持
維持,サポート
サポート,大変
大変,都心
都心,近い
近い,立地
立地,色々
色々,お見舞い
お見舞い,体験
生活,雰囲気
館内,きれい
きれい,清掃
清掃,清潔
清潔,居室
居室,広い
場所,清潔
清潔,屋上
屋上,ベランダ
ベランダ,景色
挨拶,気持ちよい
気持ちよい,教育
教育,場所
場所,ＪＲ
ＪＲ,阪神
阪神,駅
駅,交通
交通,至便
至便,便利
便利,医療
医療,神鋼
神鋼,病院
印象,定期的
催し,開催
開催,趣味
退屈,工夫
高級,維持
維持,月額
月額,料金
料金,設備
設備,妥当
妥当,栄養士
栄養士,管理
バランス,料理
挨拶,元気
元気,気持ち
情報,共有
共有,様子
様子,人数
人数,大手
管理,十分
十分,配置
配置,グループ
グループ,神鋼
神鋼,病院
病院,連携
可能,様子
様子,ＪＲ
ＪＲ,阪神
阪神,駅
駅,徒歩圏内
交通,至便
至便,場所
場所,立地
立地,元気
元気,人
場所,近隣
近隣,住宅
公園,買い物
最高,立地
立地,大手
様々,タイプ
きれい,一般
一般,マンション
マンション,居室
居室,充実
充実,設計
設計,共有
共有,スペース
スペース,豪華
豪華,高級
高級,毎日
毎日,様々
様々,活動
映画,鑑賞
鑑賞,様々
様々,催し
月々,高級
設備,サービス
高い,味
味,栄養
栄養,バランス
バランス,素晴らしい
素晴らしい,設備
設備,豪華
豪華,生活
生活,相談
相談,サービス
サービス,細やか
細やか,大変
大変,気
気,安全
快適,クリニック
併設,毎日
毎日,生活
生活,非常
配慮,専門
設備,サービス
サービス,立地
場所,阪急
近い,大阪
大阪,簡単
簡単,周辺
スーパー,公園
公園,生活
生活,清潔
管理,様子
盛りだくさん,催し
催し,案内
高め,内容
立派,栄養士
教育,センター
病院,連携
経営,グループ
グループ,病院
交通,至便
至便,街
街,周り
静か,環境
環境,買い物
場所,感心
雰囲気,いい
いい,高級
高級,中
中,明るい
明るい,暗い
リゾートホテル,ロビー
ロビー,本人
本人,うれしい
うれしい,値段
値段,高い
居室,広い
広い,きれい
きれい,楽しみ
楽しみ,身体
身体,機能
機能,維持
維持,いろいろ
いろいろ,工夫
工夫,アクティビティ
アクティビティ,庭
魅力,正直
正直,無理
無理,料金
料金,設定
設定,高額
高額,価値
負担,月々
月々,料金
料金,年金
年金,カバー
カバー,範囲
明るい,天井
見学,楽しみ
楽しみ,比較
比較,敷地
敷地,医療機関
看護士,大勢
大勢,心強い
心強い,本人
リハビリ,必要
必要,常勤
常勤,リハビリ
リハビリ,担当
いい,アクセス
駅,近い
近い,雰囲気
雰囲気,立地
訪問,便利
便利,ゴージャス
ゴージャス,言葉
言葉,設備
用意,知人
知人,夫婦
タイプ,居室
居室,洋風
洋風,造り
造り,内部
内部,キッチン
キッチン,個室
個室,専用
専用,トイレ
トイレ,入浴
入浴,設備
設備,完備
完備,スペース
スペース,手すり
手すり,バリアフリー
バリアフリー,高齢者
高齢者,快適
快適,環境
環境,共用
共用,非常
非常,豪華
豪華,ゆとり
ゆとり,造り
造り,廊下
廊下,広い
専用,設備
設備,居室
居室,用意
定期的,開催
開催,室内
充実,外出
金額,自体
自体,非常
非常,高額
設備,充実
充実,高級
高級,高い
価格,設定
高級,マンション
マンション,イメージ
イメージ,いい
いい,知人
知人,両親
種類,価格
価格,知人
支援,サービス
サービス,最初
必要,月額
月額,管理費
管理費,各種
各種,サービス
サービス,食費
食費,合計
合計,当たり
安い,可能
可能,当たり
当たり,食費
食費,価格
価格,質
質,料理
料理,提供
提供,提供
提供,夕食
夕食,拝見
豪華,美味しい
楽しみ,希望
介助,サービス
サービス,可能
可能,高級
サービス,内容
内容,文句
面接,研修
研修,サービス
連携,いい
いい,雰囲気
雰囲気,好感
好感,物件
物件,テナント
テナント,部分
部分,クリニック
定期的,往診
往診,健康診断
健康診断,看護師
看護師,24時間
24時間,常駐
常駐,万が一
抜群,内容
内容,提携
提携,病院
病院,搬送
親族,連絡
コール,設備
設備,設備
設備,申し分
申し分,JR
徒歩,距離
距離,お見舞い
お見舞い,車
車,来訪
来訪,可能
可能,公共交通機関
公共交通機関,オーケー株式会社
オーケー株式会社,訪問
訪問,やすい
やすい,印象
印象,周り
周り,高級
高級,閑静
閑静,住宅街
住宅街,駅前
駅前,タクシー
住環境,抜群
抜群,ホーム
ホーム,隣接
隣接,形
形,コンビニ
買い物,便利
便利,居室
居室,広い
広い,高級
一室,室内
室内,明るい
明るい,清掃
清掃,清潔感
設置,IH
IH,調理
調理,便利
高級,作り
作り,テーブル
こだわり,バリアフリー
バリアフリー,設計
万全,季節
知人,母親
楽しい,話
話,母親
知人,逆
逆,母親
高い,知人
知人,納得
納得,通常
拝見,なかった
喫茶,設備
豪華,親切
程度,話し相手
季節感,さまざま
さまざま,催し
催し,頭
色々,手芸
いい,金額
金額,高め
高め,きれいな
種類,好き
好き,メニュー
メニュー,いい
いい,人
希望,メニュー
メニュー,豪華
豪華,メニュー
元気,明るい
階,様々
自室,歩行
歩行,車いす
車いす,足
足,心配
心配,アクセス
アクセス,いい
いい,電車
夏,大変
大変,スーパー
スーパー,病院
元気,一般
一般,居室
キッチン,居室
居室,雰囲気
雰囲気,普通
普通,マンション
マンション,素晴らしい
素晴らしい,中庭
ラウンジ,ラウンジ
ラウンジ,天井
天井,高い
窓,開放的
開放的,空間
空間,中庭
高級,リゾートホテル
リゾートホテル,ロビー
プロ,演奏家
演奏家,コンサート
コンサート,開催
春,秋
秋,バスツアー
バスツアー,外出
祭り,雰囲気
雰囲気,皆さん
皆さん,友人
金額,計算
納得,メイン
メイン,ダイニング
個室,プライベート
プライベート,ダイニング
ダイニング,友人
友人,私たち
私たち,一緒に
ダイニング,ルーム
ルーム,高級
個室,雰囲気
雰囲気,メイン
メイン,ダイニング
ダイニング,空間
レストラン,印象
印象,通常
通常,メニュー
メニュー,和食
定食,洋食
定食,昼食
昼食,夕食
定食,メニュー
必要,いろいろ
いろいろ,皆さん
皆さん,自立
自立,生活
必要,サービス
サービス,心配り
皆さん,明るい
クリニック,テナント
室内,緊急
緊急,コール
コール,室内
感知,看護師
センサー,大変
大変,充実
充実,協力
協力,病院
病院,総合病院
総合病院,神鋼
神鋼,病院
病院,バス
バス,阪神
阪神,阪急
阪急,JR
JR,最寄駅
最寄駅,元気
元気,距離
距離,そば
コンビニ,便利
便利,外観
外観,内装
内装,サービス
サービス,内容
印象,元気
元気,素晴らしい
病院,安心感
皆さん,生活
生活,満足
満足,姿
姿,印象
印象,エントランス
エントランス,豪華
豪華,ラウンジ
雰囲気,趣味
月,催し物
催し物,四季
一般的,価格
内容,妥当
妥当,金額
金額,栄養士
栄養士,メニュー
メニュー,提供
プライベート,ダイニング
ダイニング,希望
細かい,専門
充実,神鋼
神鋼,ケア
ケア,ライフ
ライフ,有料老人ホーム
有料老人ホーム,心配
理学療法士,訓練
訓練,JR
中間,周辺
周辺,店
店,充実
充実,病院
付き添い,生活
生活,丁寧
豪華,やすい
やすい,洗練
中心,歩行
プログラム,サークル
サークル,活動
活動,季節
季節,お出かけ
お出かけ,多彩
企画,楽しい
楽しい,地域
たたずまい,価格
価格,高い
栄養,管理
管理,見た目
見た目,美しい
美しい,料理
料理,来客
料理,用意
用意,満足
優しい,一緒に
一緒に,お見舞い
お見舞い,祖母
祖母,車椅子
車椅子,ほしい
残念,神鋼
神鋼,病院
病院,連携
連携,看護師
看護師,体制
体制,駅
駅,便利
建物,自体
きれい,外観
外観,高級
高級,マンション
内装,共有
共有,スペース
スペース,中心
中心,優雅
優雅,デザイン
デザイン,清掃
清掃,年配
年配,快適
快適,配慮
配慮,老人
老人,ケア
ケア,ホーム
主,皆さん
皆さん,一緒に
全員,歌
歌,元気
価格,印象
比較,エリア
エリア,マンション
マンション,値段
値段,普通
普通,評価
評価,本人
本人,話
味付け,料理
レベル,高い
高い,細かい
細かい,特定
特定,料理
皆さん,非常
礼儀,正しい
正しい,雰囲気
静か,高齢者
夜勤,人数
定期的,先生
先生,周り
周り,最寄り
最寄り,駅
駅,アクセス
アクセス,当方
非常,近い
近い,アクセス
前面,道路
道路,交通量
夜間,騒音
静か,豪華
豪華,綺麗
高額,安心感
安心感,すごい
必要,となり
となり,ケア
早い,サークル
苦手,人
人,関係
いい,雰囲気
雰囲気,大学
開催,事前
事前,説明
説明,納得
金額,高額
高額,月々
自分,人
明るい,きれいな
人,薄味
薄味,バランス
用意,静か
静か,豪華
豪華,子供
となり,ケア
面倒,話
話,駅
駅,徒歩圏内
徒歩圏内,魅力的
魅力的,横浜
便利,個室
個室,広い
広い,快適
快適,日当たり
共用,スペース
スペース,掃除
臭い,の・ようなもの
の・ようなもの,気
職員,温かい
スペース,広い
広い,専門
専門,看護師
看護師,安心感
安心感,バス
バス,外出
外出,機会
機会,嬉しい
嬉しい,様々
様々,サークル
サークル,活動
高い,自宅
年金,本人
本人,満足
満足,穏やか
穏やか,やさしい
やさしい,職員
挨拶,明るい
専用,ケア
ケア,センター
センター,スペース
専門,看護師
看護師,ケア
スーパー,近い
専用,バス
バス,自由
待機,なかった
なかった,広い
広い,きれい
きれい,高級
玄関,フロント
基本的,夫婦
夫婦,独立
独立,生活
生活,マンション
広い,フロント
フロント,かなり
かなり,距離
距離,いい
いい,運動
運動,名前
演奏会,祭り
カラオケ,大会
開催,気軽
気軽,参加
参加,日帰り
日帰り,バス
バス,旅行
好き,いい
いい,値段
自分,準備
準備,年金
広い,食堂
食堂,事前
事前,メニュー
自分,好み
好み,予定
予定,急
急,来客
来客,メニュー
栄養,管理
朝食,フロント
フロント,清掃
気持ちよい,挨拶
挨拶,教育
教育,親族
いい,トラブル
要介護,状態
となり,ケア
フロント,ボタン
ボタン,連絡
連絡,万が一
最寄駅,徒歩
徒歩,立地
立地,車
道路,道路
辛い,近所
近所,スーパー
スーパー,生活
生活,やすい
やすい,場所
場所,個人的
きれい,高級
高級,マンション
サークル,趣味
趣味,グループ
グループ,体操
開催,充実
具体的,管理栄養士
管理栄養士,メニュー
高い,聖
聖,マリアンナ
マリアンナ,病院
病院,連携
駅,いい
いい,近い
近い,駅前
非常,高級
大変,高い
高い,評価
方々,大変
大変,うれしい
居室,希望
居室,狭い
狭い,物件
写真,感想
参加,様子
様子,好感
好感,契約
契約,概算
充実,高級
高級,妥当
妥当,経費
経費,利用
額,気
方々,大変
積極的,笑顔
笑顔,挨拶
挨拶,大変
大変,好感
好感,価格
価格,割高
割高,綺麗
綺麗,高級
見学,高級
室内,キッチン
ヒーター,使用
フロント,ケア
頻繁,開催
開催,楽しい
楽しい,コンサート
コンサート,好評
好評,コンサート
コンサート,祭り
時点,健康的
健康的,自分
自分,身の回り
可能,条件
必要,サポート
ライフ,ケア
両親,有料老人ホーム
有料老人ホーム,自宅
自宅,横浜
横浜,希望が丘
希望が丘,有料老人ホーム
有料老人ホーム,見学
老人ホーム,高級
高級,マンション
マンション,いい
豪華,雰囲気
雰囲気,居室
居室,希望
希望,広い
広い,私たち
私たち,見学
快適,広い
広い,普通
普通,マンション
マンション,作り
作り,中銀ライフケア
中銀ライフケア,レ
レ,Creation
種類,充実
充実,素晴らしい
素晴らしい,一言
工夫,随所
随所,忙しい
忙しい,クラブ活動
サークル,数多い
数多い,父
父,囲碁
囲碁,サークル
サークル,母
興味,中銀ライフケア
高い,印象
印象,両親
両親,ワンルーム
高額,月々
体験,普通
普通,レストラン
レストラン,雰囲気
雰囲気,美味しい
美味しい,料理
料理,専属
専属,シェフ
シェフ,丁寧
非常,好感
好感,夕食
夕食,メニュー
メニュー,種類
種類,選択
嬉しい,病気
提供,大変
フロント,感想
感想,老人ホーム
老人ホーム,一流
サービス,丁寧
手,言葉
言葉,サービス
体制,24時間
24時間,体制
体制,看護師
看護師,常駐
常駐,緊急時
万全,体調
体調,悪い
悪い,気軽
気軽,相談
相談,週
週,提携
提携,医師
医師,健康
健康,相談
相談,健康
健康,不安
システム,心強い
心強い,提携
提携,病院
病院,聖
聖,マリアンナ
病院,利用
希望が丘,駅
駅,周辺
周辺,商店街
散歩,買い物
買い物,中銀ライフケア
中銀ライフケア,有料老人ホーム
有料老人ホーム,人気
人気,高い
高い,見学
見学,理由
理由,高い
ワンルーム,L・DK
L・DK,L・DK
L・DK,選択
選択,キッチン
キッチン,トイレ
トイレ,浴室
共有,スペース
ホール,色々
他,趣味
趣味,スペース
スペース,高い
高い,年齢
年齢,値段
値段,高い
管理栄養士,栄養
栄養,バランス
提供,説明
説明,朝食
朝食,和食
和食,洋食
洋食,夕食
選択,色々
色々,サービス
すごい,提携
提携,病院
病院,送迎
運行,週
健康,人
徒歩,不便
不便,他
見学,すごい
エントランス,ラウンジ
ラウンジ,共用
共用,スペース
造り,清掃
清掃,浴室
浴室,空間
空間,他
方途,コミュニケーション
七夕,季節
サークル,活動
サービス,利用
利用,可能
可能,検討
栄養,管理
管理,献立
メニュー,少ない
体調,メニュー
生活,相談
相談,環境
環境,雰囲気
好き,環境
聖,マリアンナ
マリアンナ,大手
大手,病院
病院,協力
協力,医療機関
医療機関,持病
利用,希望が丘
希望が丘,駅
立地,便利
便利,ケア
車,にくい
にくい,場所
駅,近
明るい,雰囲気
友人,宿泊
宿泊,遠方
遠方,お見舞い
お見舞い,便利
便利,母親
一緒に,見学
見学,外観
外観,綺麗
綺麗,中
中,ゴージャス
清潔,家具
家具,調度
調度,高級
同士,サークル
サークル,趣味
趣味,グループ
グループ,大変
大変,楽しい
楽しい,体操
体操,食べ物
食べ物,関係
開催,充実
充実,毎日
高級,老人ホーム
老人ホーム,外観
外観,内装
内装,サービス
サービス,高い
高い,金額
提供,管理栄養士
管理栄養士,メニュー
メニュー,老人
老人,イメージ
大変,見た目
見た目,豪華
豪華,美味しい
皆さん,清潔感
丁寧,高級
高級,ホーム
ホーム,サービス
サービス,印象
方々,余裕
病気,万が一
万が一,近隣
近隣,病院
病院,連携
連携,年
駅,電車
電車,車
車,アクセス
外観,高級
高級,余裕
余裕,老人ホーム
プラン,緑
緑,豊か
豊か,庭
庭,共有
共有,ラウンジ
ラウンジ,中央
中央,位置
位置,吹き抜け
吹き抜け,開放
開放,上
上,眺め
居室,廊下
廊下,共用
共用,スペース
スペース,つくり
つくり,ベッド
ベッド,位置
位置,居室
居室,ドア
ドア,位置
位置,プライバシー
確保,配慮
配慮,見学
見学,時点
時点,日
行事,定期的
定期的,実施
実施,レ
レ,Creation
Creation,少ない
少ない,参加
参加,気
住まい,知人
知人,話
話,要介護
要介護,元気
元気,自立
自立,コーラス
コーラス,参加
参加,近隣
コーラス,コンサート
コンサート,開放的
印象,記憶
メニュー,豊富
豊富,糖尿病
一緒,緑
緑,豊か
豊か,食堂
シェフ,調理
調理,料理
料理,きれい
きれい,気持ちよい
気持ちよい,メニュー
メニュー,記載
記載,方法
方法,高齢者
高齢者,づらい
料理,方法
方法,理解
理解,気
方々,雰囲気
印象,送迎
送迎,バス
アットホーム,上品
様子,本人
管理,タイプ
自分,管理
管理,不安
不安,コンビニ
買い物,距離
様子,最寄り駅
最寄り駅,道
道,づらい
づらい,距離
距離,バス
バス,送迎
送迎,大変
大変,便利
便利,訪問
訪問,冬
訪問者,同様
訪問者,面倒
管理,安心感
安心感,駅
駅,近い
近い,場所
場所,緑
緑,豊か
豊か,場所
ロビー,広い
広い,空間
綺麗,清潔感
清潔感,バリアフリー
生活,ペット
開催,定期的
定期的,コンサート
コンサート,飽き
飽き,工夫
工夫,充実
高い,価値
笑顔,にこやか
にこやか,挨拶
皆さん,穏やか
穏やか,楽しい
楽しい,クリニック
クリニック,併設
高級,ロビー
ロビー,天井
天井,高い
高い,窓
窓,光
光,明るい
明るい,開放的
開放的,印象
印象,中庭
手入れ,綺麗
綺麗,都会
都会,住宅地
住宅地,窓
窓,緑
緑,嬉しい
嬉しい,風呂
風呂,サウナ
綺麗,場所
場所,卓球
卓球,ビリヤード
場所,中庭
中庭,開放的
開放的,場所
場所,料理
豊か,メニュー
ごはん,クオリティ
クオリティ,美味しい
美味しい,個人
個人,個人
個人,歯
個室,周り
周り,気
魅力,知人
ペット,専用
専用,庭
庭,住居
住居,別荘
別荘,専用
専用,庭
庭,広い
広い,ペット
ペット,最適
最適,ペット
ペット,足
充実,環境
環境,ビリヤード
ビリヤード,卓球
卓球,場所
同士,コミュニケーション
コミュニケーション,工夫
知り合い,プライベート
プライベート,ダイニング
ダイニング,一緒に
料理,美味しい
美味しい,京王
料理長,担当
料理,美味しい
イメージ,メニュー
美味しい,料理
料理,併設
併設,クリニック
クリニック,看護師
看護師,常駐
常駐,体制
体制,安心感
安心感,駅
場所,緑
緑,豊か
豊か,景色
場所,外観
きれいな,空間
空間,入り口
ロビー,ソファ
ソファ,スペース
スペース,窓
窓,大きい
大きい,外
外,景色
景色,明るい
明るい,室内
室内,外
外,庭
手入れ,天気
使用,きれい
きれい,上品
上品,内装
内装,ベッド
ベッド,ソファ
ソファ,空間
空間,バリアフリー
生活,キッチン
床暖房,便利
手すり,嬉しい
嬉しい,ペット
ペット,生活
ペット,一緒に
一緒に,生活
生活,うれしい
祖母,入り口
建物,大きい
大きい,高級
高級,建物
建物,ロビー
ロビー,ソファ
友人,話
話,ソファ
ソファ,庭
庭,空間
一人暮らし,家
楽しみ,一つ
一つ,健康
健康,バランス
バランス,管理
管理,野菜
豪華,特別
特別,メニュー
遊び,ダイニング
ダイニング,ルーム
ルーム,アットホーム
アットホーム,感覚
感覚,嬉しい
嬉しい,入り口
教育,受付
受付,笑顔
笑顔,ロビー
ロビー,中庭
中庭,素敵
素敵,南
南,居室
居室,日当たり
上,眺め
眺め,最高
最高,居室
居室,広い
有料老人ホーム,マンション
マンション,居室
居室,大浴場
充実,レストラン
レストラン,前面
前面,ガラス
ガラス,中庭
素敵,いろいろ
開催,参加
参加,麻雀
楽しい,ビリヤード
年齢,高額
価値,サービス
サービス,京王
味,盛り
盛り,満足
満足,友達
友達,個室
個室,特別
特別,お願い
気持ちよい,挨拶
お話,看護師
看護師,24時間
24時間,常駐
常駐,クリニック
クリニック,併設
周辺,閑静
閑静,住宅街
住宅街,静か
静か,環境
環境,道路
必要,便利
無料,シャトルバス
利用,居室
つくり,車椅子
車椅子,中庭
中庭,緑
気分転換,風呂
風呂,大浴場
大浴場,露天風呂
露天風呂,魅力的
サウナ,毎日
毎日,サウナ
サウナ,利用
利用,館内
定期的,コンサート
コンサート,飽き
行事,予定
予定,京王
連携,買い物
買い物,サービス
サービス,旅行
旅行,サービス
サービス,他
新しい,サービス
サービス,充実
充実,総合
総合,相応
相応,価格
栄養,管理
管理,季節
季節,食材
食材,栄養
栄養,管理
メニュー,写真
写真,利用者
形態,食欲
食欲,工夫
拝見,プライベート
プライベート,リラックス
リラックス,つくり
挨拶,気持ちよい
気持ちよい,親切
親切,丁寧
丁寧,説明
説明,利用者
利用者,方々
方々,穏やか
穏やか,表情
24時間,看護師
看護師,常駐
常駐,定期的
やすい,公園
公園,緑
非常,きれい
きれい,個室
個室,窓
窓,眺め
充分,スペース
スペース,確保
確保,清潔感
清潔感,自分
季節,行事
行事,頻繁
感,残念
残念,月々
洗濯,サービス
サービス,内容
内容,妥当
妥当,金額
口座,開設
開設,面倒
話,祖母
それなり,満足
正直,不満
仕方がない,部分
サロン,そば
そば,職員
人数,サロン
サロン,一つ
一つ,サロン
サロン,最低
最低,常駐
常駐,ほしい
ほしい,祖母
祖母,椅子
電話,連絡
内容,食堂
食堂,職員
職員,目
目,ほしい
ほしい,個室
個室,窓
仕方がない,車
車,非常
非常,にくい
にくい,バス
バス,運行
運行,大変
大変,不便
非常,びっくり
びっくり,一言
一言,説明
説明,声
設備,満足
ロビー,共有
共有,スペース
スペース,洋風
洋風,豪華
豪華,ソファ
ソファ,家具
家具,設置
明るい,雰囲気
雰囲気,エレベーター
設備,充実
充実,居室
居室,個室
個室,広い
広い,十分
十分,環境
環境,季節
季節,外部
充実,歌
歌,踊り
祭り,クリスマス
クリスマス,お正月
利用,範囲
範囲,普通
普通,特養
質,非常
非常,高い
高い,納得
納得,意味
意味,十分
十分,納得
納得,価格
病院,薬局
非常,好評
好評,美味しい
美味しい,様子
嬉しい,配慮
内容,特別
明るい,元気
楽しい,様子
適切,配置
配置,様々
様々,相談
安心感,提携
提携,病院
病院,搬送
通常,通院
車,送迎
送迎,内科
内科,歯科
歯科,先生
先生,定期的
定期的,訪問
訪問,健康
健康,管理
周辺,緑
緑,景色
景色,交通
交通,不便
不便,最寄り駅
最寄り駅,送迎
送迎,バス
バス,用意
用意,車
訪問,やすい
やすい,駐車場
駐車場,十分
十分,車
車,不便
訪問,丁寧
気軽,問い合わせ
問い合わせ,訪問
訪問,24時間
24時間,可能
訪問,人
人,体調
体調,チェック
チェック,体調
体調,悪い
悪い,人
自宅,近い
近い,感覚
作り,圧迫
開放的,空間
空間,共用
共用,スペース
単位,利用
利用,不便
職員,目
目,やすい
やすい,季節
季節,遠足
遠足,バスツアー
バスツアー,自然
外部,色々
一緒に,参加
参加,配慮
配慮,楽しい
楽しい,特別養護老人ホーム
の・ようなもの,必要
状態,月額
月額,料金
料金,金額
金額,無理
基本的,室
病院,薬
月,大きい
大きい,金額
満足度,意味
意味,非常
非常,高い
高い,栄養
栄養,バランス
状態,メニュー
メニュー,美味しい
方々,満足
刻み,流動食
流動食,人
人,用意
職員,明るい
明るい,雰囲気
穏やか,女性
気軽,声
声,職員
外部,人
人,いい
いい,雰囲気
異変,連絡
連絡,定期的
定期的,医者
病院,通院
通院,必要
協力,病院
病院,事前
事前,診察
診察,予約
通院,職員
職員,数
数,十分
十分,自然環境
徒歩圏内,店
店,車
車,不便
不便,逆
逆,自然環境
自然環境,日常
日常,いい
いい,環境
環境,来客
来客,不便
不便,車
積極的,職員
いい,雰囲気
名前,言葉
言葉,緑
緑,心
内装,外観
印象,上品
上品,調度
調度,綺麗
雰囲気,清掃
清掃,丁寧
清潔,バリアフリー
バリアフリー,車いす
車いす,快適
音,気
気,職員
職員,定期的
定期的,企画
春,お花見
お花見,楽しみ
楽しみ,季節感
企画,ありがたい
ありがたい,カラオケ
カラオケ,ルーム
特別,リーズナブル
リーズナブル,印象
印象,職員
職員,気配り
気配り,清掃
清掃,割高
説明,印象
食器,デザイン
デザイン,明るい
食器,温かい
温かい,温かい
温かい,冷たい
冷たい,冷たい
冷たい,提供
本人,美味しい
パン,美味しい
美味しい,ミキサー
ミキサー,職員
印象,明るい
明るい,アットホーム
アットホーム,雰囲気
雰囲気,職員
挨拶,清潔感
清潔感,気持ちよい
明るい,女性
女性,積極的
声,季節
病院,医療
医療,提携
提携,職員
職員,数
専用,バス
バス,便利
便利,大通り
静か,環境
環境,コンビニ
コンビニ,スーパー
スーパー,車
車,街
街,駐車場
親戚,訪問
訪問,車
緑,豊か
豊か,自然環境
季節感,行事
行事,月
高い,本人
本人,胃瘻
丁寧,親切
親切,説明
説明,いい
看護,体制
体制,複数
自然,車
スーパー,コンビニ
コンビニ,薬局
薬局,道路
安全,静か
静か,駐車場
駐車場,少ない
欲しい,職員
方々,内装
内装,豪華
無い,上品
上品,洗練
洗練,雰囲気
調度,すごい
すごい,ソファ
ソファ,テーブル
テーブル,一つ
一つ,一つ
一つ,高級
面,バリアフリー
バリアフリー,手すり
手すり,場所
場所,完備
完備,トイレ
トイレ,使い勝手
身体,不自由
不自由,無い
無い,利用
利用,やすい
やすい,特養
快適,抜群
喫茶,映画鑑賞
映画鑑賞,カラオケ
カラオケ,ルーム
カルチャー,設備
設備,地域
地域,交流
ホール,外部
外部,方途
方途,交流
交流,メリット
料理,食器
目,美味しい
美味しい,要素
要素,料理
食材,メニュー
介助,関係
関係,特別
特別,関連
高級,デザイン
デザイン,新しい
重厚,雰囲気
雰囲気,個人的
個人的,満足
満足,入浴
入浴,自由
自由,週
週,入浴
入浴,サービス
サービス,実施
好き,好き
好き,入浴
入浴,清潔
専用,バス
バス,駅
駅,移動
移動,バス
バス,移動
移動,便利
便利,近い
近い,駅
印象派,外観
外観,マンション
マンション,綺麗
綺麗,清潔
清潔,印象
気配り,丁寧
丁寧,優しい
優しい,指導
指導,風呂
風呂,明るい
明るい,笑顔
笑顔,楽しい
個室,明るい
バリアフリー,手すり
手すり,すばらしい
すばらしい,レ
レ,Creation
お花見,参加
参加,笑顔
相場,妥当
妥当,金額
金額,月額
納得,金額
金額,事前
事前,資料
資料,味付け
看護,職員
職員,24時間
24時間,常駐
大丈夫,住宅街
住宅街,静か
静か,大型
大型,スーパー
知人,玄関
玄関,応対
応対,親切
親切,丁寧
丁寧,知人
一緒,知人
知人,大変
大変,玄関
玄関,きれい
きれい,マンション
室,個室
個室,プライバシー
プライバシー,面
設置,自分
自分,好み
自宅,延長
延長,生活
生活,個室
心配,グループ
面会,自由
風呂,好き
外出,買い物
買い物,工夫
特養,料金
料金,満足
満足,朝食
パン,食器
利用,好み
好み,誕生
明るい,挨拶
医療機関,提携
近い,アクセス
アクセス,車
車,便利
訪問,制限
海,居室
居室,明るい
明るい,開放的
開放的,清潔
高齢者,体
体,負担
負担,設計
設計,快適
快適,メイン
リゾートホテル,美しい
上品,レストラン
ルーム,シアター
シアター,ルーム
ルーム,多目的ホール
温泉,各種
各種,設備
設備,充実
充実,使い勝手
クリスマス,お正月
お正月,パーティー
パーティー,コンサート
楽しい,交流
交流,色々
色々,アクティビティ
アクティビティ,企画
企画,楽しい
知人,社交ダンス
いい,正直
季節感,メニュー
メニュー,豊富
豊富,有料
有料,各種
各種,介護食
友人,一緒に
便利,スカイラウンジ
スカイラウンジ,オススメ
オススメ,味
味,普通
普通,美味しい
期待,毎日
毎日,飽き
周辺,気
気,レストラン
レストラン,無い
無い,残念
残念,リゾートホテル
リゾートホテル,雰囲気
雰囲気,清掃
清掃,明るい
明るい,開放的
開放的,快適
丁寧,親切
距離感,配慮
日常,ケア
ケア,緊急時
高齢者,必要
必要,サポート
サポート,室内
すごい,生活
センサー,迅速
車,不便
不便,周辺
周辺,スーパー
スーパー,ホームセンター
飲食店,興味
静か,環境
環境,道路
道路,向かい
芦屋,関係
関係,建物
不安,材料
芦屋,運営
運営,親族
親族,ロング
ロング,ライフ
ロイヤル,プラン
プラン,ロング
ロング,ライフ
ライフ,明るい
明るい,開放的
開放的,オススメ
街,芦屋
芦屋,申し分
高め,高級
明るい,レストラン
レストラン,季節
季節,素材
素材,料理
綺麗,24時間
24時間,体制
L・DK,段差
段差,無い
無い,フローリング
同士,行事
行事,開催
開催,友達
友達,美容院
美容院,予約
サービス,神戸市
神戸市,お金
苦手,いい
いい,料理
料理,季節
レストラン,ゴージャス
ゴージャス,笑顔
24時間,体制
体制,具合
具合,悪い
連絡,緑
最高,バス
バス,タクシー
タクシー,便利
便利,母
夫婦,お金
お金,いい
高級,印象
長い,なかった
なかった,建物
不安,基本的
基本的,非常
非常,個人
個人,生活
利用者,自分
物件,自体
自体,手頃
手頃,自分
自分,年
利用,悪い
悪い,月々
個人,個人
日替わり,変化
変化,工夫
工夫,珍しい
美味しい,レストラン
レストラン,雰囲気
雰囲気,印象
印象,いい
いい,挨拶
明るい,訪問者
訪問者,印象
医療,体制
体制,サービス
サービス,利用
利用,体験
健康,管理
浜,複数
複数,バス
バス,利用
利用,不便
不便,ヨットハーバー
魅力,騒音
騒音,訪問者
訪問者,無い
無い,居室
居室,共有
共有,スペース
スペース,素晴らしい
素晴らしい,一言
一言,個室
個室,高級
高級,マンション
マンション,一室
一室,作り
作り,共有
共有,スペース
スペース,シアター
設備,バリアフリー
バリアフリー,完全
完全,車いす
車いす,移動
移動,安全
安全,居住者
楽しい,工夫
工夫,随所
軽い,裕福
裕福,人
人,夫婦
詳しい,金額
生活環境,居室
物足りない,叔母
叔母,夫婦
不満,美味しい
美味しい,悪い
悪い,意味
豪華,普通
品,ゴージャス
方々,他
言葉,礼儀
礼儀,レベル
高い,スーパー
看護,医療
医療,体制
体制,完璧
完璧,叔母
叔母,夫婦
不安,ナイト
ナイト,公共交通機関
公共交通機関,利用
利用,訪問
訪問,便利
便利,立地
立地,個々
レベル,親戚
親戚,方々
外観,高級
高級,高級
佇まい,サービス
サービス,内容
見学,大変
大変,素晴らしい
素晴らしい,内容
内容,生活環境
生活環境,快適
快適,デザイン
デザイン,共用
共用,スペース
スペース,食堂
食堂,個室
個室,大阪
大阪,眺望
眺望,毎日
毎日,生活
生活,快適
快適,個室
個室,自体
バリエーション,L・DK
タイプ,トイレ
トイレ,浴室
浴室,キッチン
キッチン,専用
専用,併設
高級,マンション
マンション,不満
同士,交流
交流,目的
目的,様々
様々,行事
親族,参加
参加,素晴らしい
素晴らしい,各種
新しい,趣味
花見,バスツアー
バスツアー,企画
企画,非常
印象,月額
月額,形
請求,家賃
家賃,相当
相当,金額
金額,当たり
必要,食費
食費,必要
配膳,膳
必要,駐車場
駐車場,利用
サービス,内容
内容,考慮
考慮,高い
高い,金額
レストラン,利用
利用,可能
提供,一般
一般,和食
和食,フレンチ
フレンチ,要素
糖尿病,透析
透析,減塩
減塩,必要
生活,介助
カロリー,配慮
配慮,充実
充実,メニュー
研修,介助
接客,サービス
サービス,満足
満足,24時間
24時間,体制
サービス,入所
大変,満足
医師,常駐
常駐,クリニック
クリニック,併設
併設,外部
外部,治療
大変,安心感
安心感,定期的
定期的,健康診断
遠い,距離
距離,基本的
基本的,路線バス
路線バス,タクシー
タクシー,来訪
マイカー,来訪
来訪,可能
可能,可能
可能,自動車
自動車,利用
アクセス,良好
良好,そば
そば,海
自然環境,大変
大変,良好
高い,サービス
サービス,接客
接客,高級
24時間,常駐
常駐,サービス
サービス,併設
高齢,親族
親族,身
身,大変
大変,魅力
魅力,職員
職員,親切
やすい,バリアフリー
映画,充実
レストラン,おいしい
質,自立
手,やすい
やすい,自立
仕方がない,喫茶
喫茶,開設
開設,ほしい
親切,自立
自立,厳しい
厳しい,いい
いい,手
手,体
体,異変
異変,クリニック
クリニック,看護師
最寄駅,アクセス
アクセス,便利
便利,遠方
遠方,人
人,駐車場
駐車場,残念
残念,天然
天然,温泉
温泉,露天風呂
露天風呂,芦屋
芦屋,浜
豪華,外観
普通,マンション
マンション,豪華
建物,海
バルコニー,スカイラウンジ
スカイラウンジ,芦屋
コンサート,バスツアー
バスツアー,芦屋
芦屋,土地
サービス,高額
高額,明るい
明るい,開放的
開放的,空間
空間,優雅
優雅,レストラン
サービス,四季
四季,旬の食材
旬の食材,豊富
豊富,メニュー
減塩,糖尿病
ダイニング,利用
利用,可能
エントランス,ホール
ホール,コンシェルジュ
コンシェルジュ,サービス
確認,サービス
サービス,看護
クリニック,併設
提携,病院
周辺,商業施設
商業施設,大型
大型,スーパー
ホームセンター,レストラン
ドラッグストア,大型
大型,ショップ
ショップ,芦屋
芦屋,浜
浜,ヨットハーバー
ヨットハーバー,隣接
隣接,おしゃれ
おしゃれ,ヨットハーバー
ヨットハーバー,散歩
散歩,ヨットハーバー
ヨットハーバー,おしゃれ
おしゃれ,レストラン
レストラン,車
車,アクセス
アクセス,やすい
やすい,広い
広い,道路
春,商業施設
商業施設,オープン
一つ,一つ
一つ,家具
家具,こだわり
こだわり,お花見
用意,楽しい
楽しい,自分
自分,健康
健康,状態
状態,参加
参加,サービス
ケア,価格
人,最適
最適,高級
高級,礼儀
礼儀,正しい
24時間,管理
管理,様子
様子,居室
居室,緊急
緊急,コール
コール,設置
設置,万が一
駅,遠い
遠い,ＪＲ
ＪＲ,阪急
阪急,阪神
阪神,駅
駅,バス
場所,づらい
づらい,大丈夫
天然,温泉
温泉,露天風呂
カラオケ,ルーム
ルーム,図書
図書,静か
芦屋,土地
妥当,金額
金額,旬の食材
旬の食材,こだわり
こだわり,料理
料理,提供
提供,魅力
魅力,体調
体調,介護食
介護食,用意
丁寧,接客
接客,説明
説明,要望
緊急,コール
コール,用意
体制,体調
体調,間
駅,遠い
遠い,シャトルバス
シャトルバス,巡回
巡回,便利
便利,海
海,開放
自立,ワンルーム
ワンルーム,マンション
マンション,間取り
間取り,内装
内装,収納
収納,スペース
スペース,ドア
ドア,居室
居室,ドア
ドア,玄関
玄関,ドア
ドア,イメージ
イメージ,プライベート
プライベート,空間
空間,確保
確保,居室
居室,浴室
浴室,キッチン
キッチン,窓
窓,井草森公園
母,参加
参加,詳しい
ワンルーム,マンション
金額,居室
居室,月額
月額,年金
年金,範囲
範囲,母
母,文句
文句,期待
期待,難しい
難しい,ホーム
居住者,身
看護師,常勤
常勤,人数
人数,充分
充分,胃ろう
夜間,24時間
24時間,医療行為
医療行為,必要
必要,状態
必要,駅
駅,近い
近い,店
店,近い
近い,銀行
銀行,スーパー
近い,公園
公園,井草森公園
井草森公園,距離
やすい,自立
自立,居室
状態,支援
豪華,新しい
新しい,部分
部分,外観
普通,有料
有料,老人
自立,一般
一般,居室
掃除,印象
印象,自然
環境,窓
窓,大きい
大きい,日当たり
洗面,浴室
浴室,手すり
手すり,緊急
緊急,ボタン
可能,知人
独特,匂い
匂い,気
気,誕生日
行事,機能
機能,維持
維持,目的
目的,体
体,レ
レ,Creation
アクティビティ,力
力,知人
知人,参加
同士,関係
関係,良好
良好,友達
農園,自分
自分,野菜
野菜,うれしい
うれしい,ポイント
必要,価格
価格,年齢
自立,知人
知人,月
月,管理費
管理費,食費
食費,要介護
要介護,可能
可能,高い
高い,地域
地域,相場
地域,方々
家庭,味
楽しみ,おいしい
公園,緑
方途,談笑
談笑,温かい
親身,お話
優しい,好感
好感,知人
方途,仲
話,楽しい
アットホーム,雰囲気
雰囲気,人
理由,提携
提携,クリニック
クリニック,存在
存在,話
話,相談
相談,先生
先生,質問
質問,相談
電話,連絡
印象,スーパー
スーパー,家電量販店
家電量販店,いい
関係,長い
長い,場所
場所,大きい
井草森公園,散歩
春,桜
桜,綺麗
綺麗,一緒に
一緒に,散歩
散歩,楽しい
楽しい,居室
居室,普通
普通,自立
自立,居室
居室,ワンルーム
ワンルーム,マンション
居室,可能
可能,大勢
大勢,人
人,苦手
苦手,人
人,それなり
それなり,距離
距離,自分
自分,生活
数,少ない
本人,負担
自分,判断
判断,人
人,温かい
温かい,夜間
夜間,看護師
人数,少ない
医療行為,夜間
夜間,24時間
24時間,医療
医療,措置
措置,必要
必要,駅
駅,スーパー
スーパー,近い
近い,公園
公園,自立
自立,生活
生活,やすい
やすい,環境
親戚,友人
友人,やすい
やすい,見学
無い,ホーム
誕生日,誕生日
誕生日,クリスマス
クリスマス,祭り
祭り,季節
盛りだくさん,非常
非常,充実
充実,栄養士
栄養士,栄養
栄養,バランス
野菜,豊富
豊富,使用
使用,メニュー
メニュー,数多い
豪華,造り
造り,住まい
住まい,雰囲気
近所,公園
公園,周り
周り,緑
クリニック,環境
環境,安心感
安心感,周辺
周辺,買い物
買い物,店
店,数多い
数多い,食品
洋服,遠い
建物,駐車場
駐車場,窓
窓,公園
公園,景色
景色,いい
いい,場所
車椅子,ドア
移動,誕生日
誕生日,敬老会
敬老会,クリスマス
クリスマス,祭り
祭り,さまざま
さまざま,行事
バス,日帰り
日帰り,旅行
方々,退屈
退屈,毎日
毎日,配慮
配慮,自立
月々,消耗品
消耗品,農園
野菜,料理
料理,工夫
気持ちよい,挨拶
挨拶,いろいろ
検討,内科
胃ろう,ケア
ケア,看護士
電話,連絡
連絡,美容院
外,いろいろ
いろいろ,買い物
買い物,外
外,買い物
買い物,便利
便利,そば
そば,スーパー
家電量販店,徒歩
徒歩,駅
別,スーパー
ドラッグストア,銀行
銀行,便利
便利,立地
立地,外観
外観,団地
周り,緑
環境,食堂
食堂,掃除
掃除,気持ち
食堂,井草森公園
清々しい,気分
知人,かなり
かなり,楽しみ
楽しみ,農園
農園,野菜
使用,自分
自分,野菜
野菜,美味しい
美味しい,皆さん
皆さん,ひな祭り
ひな祭り,七夕
七夕,クリスマス
クリスマス,季節
生活,知人
知人,安い
安い,居室
月,管理費
管理費,居室
居室,シンプル
シンプル,清潔感
清潔感,浴室
浴室,妥当
妥当,金額
提携,クリニック
クリニック,先生
先生,親切
親切,気兼ね
健康,不安
不安,質問
知人,病院
病院,先生
アクセス,やすい
やすい,周り
周り,スーパー
スーパー,家電量販店
家電量販店,生活
生活,やすい
井荻駅,徒歩
徒歩,訪問
訪問,やすい
やすい,必要
提携,クリニック
クリニック,魅力
魅力,月
月,喫茶
栄養士,手作り
料金,サービス
提携,クリニック
井荻駅,交通
交通,便
便,すごい
そば,スーパー
スーパー,不便
居室,必要
自分,家具
家具,好感
好感,共有
共有,スペース
面会,一緒
レ,Creation
Creation,頻繁
頻繁,楽しい
状況,一般
一般,居室
居室,資料
情報,相違
古い,部分
部分,妥当
妥当,料金
料金,栄養士
栄養士,バランス
バランス,料理
料理,日
日,お酒
お酒,月
月,喫茶
喫茶,おいしい
要介護,自立
自立,人
元気,生活
生活,様子
様子,病院
病院,連携
連携,万が一
環境,井荻駅
やすい,便利
便利,閑静
閑静,住宅地
住宅地,環境
環境,良好
良好,病院
病院,居室
居室,廊下
外,廊下
廊下,居室
居室,独立
独立,高い
高い,外
外,廊下
共用,図書館
図書館,きれい
きれい,清潔感
掃除,手入れ
手入れ,好感
特徴,非常
非常,いろいろ
サークル,活動
活動,盛ん
盛ん,要介護
要介護,自立
自立,住居
方々,元気
サークル,活動
活動,盛ん
盛ん,自然
自然,残念
残念,当方
身内,要介護
要介護,参加
努力,参加
駅,近
リーズナブル,月額
必要,支給
カバー,可能
可能,食べ物
食べ物,わがまま
わがまま,義母
義母,不満
不満,満足
満足,訪問
昼食,品数
挨拶,気持ち良い
気持ち良い,残念
残念,義母
皆さん,身なり
おしゃれ,お見舞い
様子,非常
印象,訪問
方々,常駐
常駐,内科
内科,外科
外科,病院
処置,早い
徒歩,近い
近い,元気
元気,自立
方々,相当
相当,メリット
メリット,お見舞い
お見舞い,自動車
自動車,駅
駅,近
近,メリット
会社,便利
便利,公園
公園,近所
近所,車いす
車いす,散歩
方々,面倒
把握,感心
建物,新しい
清潔感,廊下
廊下,ピカ
ピカ,ピカ
ピカ,掃除
サービス,利用者
料金,知人
知人,普通
普通,利用者
味,テレビ
テレビ,車椅子
掃除,車椅子
やすい,他
他,老人ホーム
老人ホーム,排泄
排泄,面
面,親切
利用者,駅
駅,遠い
遠い,車
面倒,回数
スペース,広い
フロア,光
光,明るい
明るい,印象的
印象的,行事
行事,定期的
計画,自然
計画,高い
家賃,価格
価格,手頃
手頃,サービス
サービス,納得
栄養,バランス
バランス,季節
人,嫌
嫌,雰囲気
雰囲気,患者
患者,いい
看護師,方々
方々,当たり
当たり,人数
状況,確認
印象,リハビリ
リハビリ,先生
先生,アクセス
アクセス,電車
電車,利用
利用,バス
バス,利用
駅,近い
近い,電車
電車,メイン
メイン,人
人,不便
不便,周辺
周辺,評価
評価,高い
高い,老人ホーム
老人ホーム,見学
見学,理由
大きい,大きい
大きい,広い
広い,狭い
狭い,十分
七夕,夏祭り
夏祭り,行事
行事,ボランティア
ボランティア,人
人,訪問
訪問,収入
収入,少ない
少ない,収入
収入,引き落とし
引き落とし,口座
都市銀行,糖尿
管理,見た目
見た目,きれい
きれい,美味しい
暗い,当たり前
当たり前,広い
広い,暗い
声,日常
少ない,病院
大変,家
家,急
急,付き添い
付き添い,入院
入院,手
状態,電車
電車,バス
バス,バス停
バス停,大変
大変,車
車,無い
無い,にくい
にくい,周り
無い,飲み物
電話,日常
日常,細かい
細かい,説明
説明,丁寧
洋服,他
他,人
管理,洋服
洋服,必要
広い,静か
静か,寂しい
人,人
収入,少ない
少ない,上
上,かなり
かなり,厳しい
厳しい,銀行
都市銀行,ほしい
ほしい,糖尿
管理,料理
料理,満足
満足,隣
隣,人
人,気
少ない,大変
大変,面倒
大変,医療
常勤,医者
医者,病気
病気,元気
元気,車
車,電車
電車,バス
バス,大変
保護,自分
自分,理解
理解,人
個室,手洗い
スペース,テレビ
テレビ,リビング
リビング,スペース
スペース,利用者
利用者,にぎやか
スペース,エレベーター
エレベーター,ホール
ガラス,開放
開放,明るい
明るい,入り口
入り口,間
行事,利用者
庭,行事
行事,隣
隣,保育園
評価,特別
特別,行事
体操,歌
利用,詳しい
詳しい,特別
特別,高い
栄養士,管理
管理,毎日
利用者,好評
好評,季節
季節,メニュー
料理,ケーキ
おいしい,利用者
可能,常食
刻み,ミキサー
ミキサー,提供
提供,可能
雰囲気,明るい
明るい,利用者
利用者,笑顔
生活,いい
いい,刺激
刺激,面会
やすい,フロア
フロア,利用者
利用者,状態
状態,自分
自分,近い
近い,人
人,利用者
リハビリ,定期的
定期的,医師
医師,常駐
常駐,なかった
なかった,看護師
看護師,緊急時
提携,病院
バス,バス停
店,面会
知人,話
個人,個人
個人,自由
自由,生活
生活,入浴
喫茶,訪問
訪問,週
お話し,季節感
季節感,行事
方,ホスピタリティ
建物,使用
使用,建物
建物,広い
可能,数
数,少ない
少ない,設定
設定,一室
一室,広い
広い,ゆとり
ゆとり,室内
室内,雰囲気
中間,雰囲気
非常,重視
重視,いろいろ
いろいろ,設備
設備,庭
庭,演出
演出,自然
自然,快適
快適,生活
生活,目
目,非常
非常,魅力的
魅力的,共有
共有,スペース
スペース,ポイント
ポイント,目
目,自然
自然,重視
重視,様々
庭,中庭
充実,親族
親族,お世話
お世話,季節
季節,様々
非常,楽しみ
楽しみ,記憶
タイプ,個室
個室,利用
高い,価格
価格,設定
設定,家賃
家賃,食費
食費,月額
月額,用意
用意,十分
設定,ゆとり
価格,設定
充実,様々
様々,献立
献立,日替わり
日替わり,提供
提供,味付け
大変,ご飯
提供,いろいろ
非常,形
丁寧,笑顔
笑顔,お見舞い
お見舞い,やすい
嬉しい,ポイント
ポイント,看護師
看護師,機能
機能,訓練
常駐,リハビリ
リハビリ,指導
サポート,充実
充実,医師
医師,常駐
医療機関,連絡
連絡,適切
仲間,急変
不安,必要
徒歩,場所
場所,周辺
周辺,店
店,寂しい
寂しい,場所
車,来訪
近い,コンビニ
コンビニ,徒歩
不便,解放
解放,エントランス
エントランス,太陽
太陽,光
光,やすい
季節感,季節
誕生,祖父
祖父,ボランティア
ボランティア,方途
方途,交流
具体的,金額
金額,不満
不満,祖父
季節,工夫
親切,笑顔
笑顔,素敵
関係,良好
良好,病院
丁寧,自然
環境,アクセス
アクセス,不便
不便,車
車,建物
建物,広い
広い,余裕
余裕,空間
空間,職員
やすい,誕生
誕生,敬老会
敬老会,ボランティア
行事,行事
人,話
話,和やか
和やか,病院
診療所,心配
緑,豊か
豊か,車
駅,遠い
遠い,バス停
バス停,不便
不便,不便
不便,バス停
バス停,バス
残念,見学
広い,自然
自然,明るい
風呂,広め
広い,明るい
明るい,毎日
毎日,体操
行事,力
力,敬老会
敬老会,地域
地域,祭り
祭り,参加
参加,保育園
保育園,運動会
運動会,散歩
散歩,皆さん
パーティー,楽しみ
実施,設備
設備,サービス
サービス,内容
内容,金額
資料,確認
確認,見学
見学,想定内
想定内,個室
個室,金額
金額,満足
満足,見学
管理栄養士,バランス
やすい,メニュー
メニュー,行事
行事,ひな祭り
寿司,季節
弁当,豪華
豪華,親切
親切,丁寧
丁寧,ありがたい
ありがたい,笑顔
車いす,利用
提携,歯科
歯科,病院
看護師,数
健康,状態
状態,管理
管理,ケア
ケア,閑静
閑静,住宅街
住宅街,商業施設
商業施設,便利
便利,車
車,アクセス
アクセス,便利
便利,バス
バス,便利
広い,緑
環境,いい
周辺,環境
環境,静か
静か,建物
建物,新しい
新しい,清掃
清掃,清潔感
清潔感,食堂
食堂,共有
共有,スペース
スペース,広い
広い,開放的
開放的,バリアフリー
バリアフリー,考慮
考慮,居室
居室,個室
個室,タイプ
タイプ,中
プライバシー,確保
確保,やすい
やすい,配慮
看護師,夜間
夜間,常駐
活動,外出
外出,本人
洗濯,洗濯
用意,当方
消耗品,関連
相違,難しい
難しい,図書
図書,充実
同様,回数
回数,内容
内容,認知症
低い,人
人,高い
高い,人
人,幅広い
低い,人
外出,外
サービス,行事
人,好き嫌い
好き嫌い,難しい
月,家賃
家賃,管理費
関連,医療
医療,関連
関連,経費
本人,年金
年金,範囲
範囲,支払
支払,検討
検討,家具
経済的,薬
薬,医療
医療,関連
関連,外出
関連,経費
経費,出費
出費,必要
要介護,無料
支給,医療
活用,経費
経費,残念
おいしい,元気
メニュー,栄養
栄養,バランス
バランス,なかった
なかった,人
人,食品
食品,制限
制限,やすい
やすい,調理
方々,訪問
訪問,通路
通路,通路
通路,挨拶
挨拶,気持ち
忙しい,通常
通常,若い
通常,業務
業務,相違
相違,認知症
認知症,要介護
要介護,高齢者
大変,難しい
自分,確か
確か,最低
看護師,夜間
夜間,常駐
安心感,大勢
大勢,少ない
少ない,人数
人数,細かい
難しい,部分
部分,病院
病院,病気
要介護,高い
高い,寝たきり
寝たきり,高い
高い,人
人,元気
経費,最寄り
駅,周辺
周辺,スーパー
スーパー,コンビニ
コンビニ,飲食店
飲食店,商業施設
商業施設,必要
必要,買い物
買い物,活用
周辺,コンビニ
駅,周辺
周辺,高齢者
高齢者,買い物
買い物,難しい
元気,近所
近所,散歩
訪問者,喫煙
喫煙,外
外,敷地
敷地,特定
特定,場所
開設,新しい
共有,個人
個人,スペース
スペース,清掃
小さい,利用
利用,車椅子
車椅子,利用
入浴,利用
利用,便利
周囲,整備
住宅地,静か
静か,駅
駅,徒歩
徒歩,不便
不便,お花見
お花見,REC
REC,季節
季節,行事
行事,父
透析,参加
参加,行事
行事,様子
写真,楽しい
ありがたい,基本的
基本的,介護保険
介護保険,利用
負担,月
月,父
父,ケア
月,本人
本人,年金
年金,娘
娘,支援
支援,月
月,正直
正直,状態
支払い,厳しい
程度,工夫
楽しみ,父
父,満足
満足,透析
提供,おいしい
おいしい,気
洗濯,看護
看護,職員
職員,自体
丁寧,入れ替わり
看護,職員
職員,透析
透析,クリニック
クリニック,通院
透析,クリニック
クリニック,苦情
苦情,苦情
苦情,通院
通院,支払い
支払い,薬
薬,不満
不満,ホーム
月,往診
入院,ホーム
ホーム,希望
希望,判断
面談,話
話,自分
自分,クリニック
クリニック,透析
透析,病院
病院,自宅
自宅,便利
便利,都内
高額,父
紹介,見学
自宅,交通
交通,便
地域,必要
少ない,不便
不便,見学
くだ,大変
大変,新築
新築,外観
清潔,ピカ
ピカ,ピカ
ピカ,ラウンジ
ラウンジ,面会
印象,積極的
積極的,外出
月,プラン
プラン,高い
高い,印象
印象,サポート
サポート,内容
内容,平均
平均,綺麗
綺麗,食堂
方々,皆さん
皆さん,おいしい
おいしい,味付け
味付け,不満
不満,料理
人,面会
人,当たり前
当たり前,自然
自然,挨拶
人,ケア
ケア,素晴らしい
病院,近所
近所,定期的
定期的,先生
看護師,最寄り駅
最寄り駅,東川口駅
東川口駅,徒歩圏内
徒歩圏内,面会
気,距離
近い,印象
きれい,清潔
広い,暮らし
暮らし,十分
洗面,手洗い
手洗い,生活
中庭,美しい
周辺,高い
高い,建物
ベランダ,残念
各階,食堂
規模,エレベーター
手作り,教室
参加,可能
可能,お出かけ
一緒,要介護
要介護,月額
月額,利用
制度,居宅
居宅,サービス
サービス,利用
利用,介護保険
美味しい,体調
体調,工夫
規模,大きい
大きい,個人
個人,個人的
個人的,アットホーム
アットホーム,好き
廊下,笑顔
笑顔,挨拶
挨拶,住宅
住宅,老人ホーム
予約,居宅
居宅,サービス
サービス,利用
利用,話
居宅,サービス
老人ホーム,道
道,にくい
にくい,面会
面会,知人
知人,お迎え
お迎え,いい
いい,面会
仕事,人
人,難しい
難しい,特養
移動,人
安い,サービス
100人,近い
近い,人
中,新築
新築,キレイ
キレイ,中庭
中庭,介護施設
介護施設,中庭
中庭,完備
完備,珍しい
珍しい,中庭
中庭,キレイ
キレイ,整備
整備,ラウンジ
ラウンジ,ロビー
ロビー,同様
同様,リラックス
レ,Creation
特徴,細かい
細かい,気配り
重要,料金
料金,他
安心感,設備
設備,内容
内容,考慮
考慮,安い
安い,味
味,食堂
食堂,きれい
若い,印象
印象,好感
好感,文句
文句,医療機関
医療機関,歯科
看護師,夜勤
夜勤,常駐
常駐,周辺
周辺,環境
環境,静か
場所,駅
訪問,不便
環境,親戚
親戚,叔母
叔母,様子
様子,綺麗
綺麗,建物
建物,掃除
掃除,建物
居室,共有
共有,スペース
スペース,清潔
清潔,気分
気分,いい
いい,ロビー
ロビー,開放的
開放的,清潔感
行事,正直
正直,叔母
好き,居室
居室,共有
共有,スペース
スペース,太陽
太陽,光
光,気持ちよい
気持ちよい,本
本,環境
環境,最高
定期的,楽しい
楽しい,金額
金額,高い
高い,介護施設
介護施設,相場
体制,平均
新しい,食堂
食堂,清潔
清潔,料理
料理,体制
味,個人
個人,好み
好み,叔母
叔母,不満
不満,雰囲気
場所,電車
電車,駅
駅,車
室,ケア
ケア,コール
コール,完備
室,完備
無い,オープン
大変,きれい
きれい,日当たり
空き,静か
静か,環境
環境,東川口駅
東川口駅,徒歩
徒歩,便利
便利,場所
場所,高齢者
独特,排泄
排泄,訪問
気,おむつ
食堂,共有
共有,スペース
スペース,臭い
花見,季節
季節,行事
行事,趣味
行事,残念
残念,透析
透析,週
通院,参加
参加,行事
行事,参加
参加,透析
月々,支払い
本人,年金
年金,娘
不満,ホーム
ホーム,支払い
支払い,処方
処方,薬
納得,ホーム
病院,透析
医療,ホーム
薬,処方
処方,季節感
季節感,おいしい
おいしい,料理
楽しみ,本人
本人,満足
満足,職員
職員,皆さん
洗濯,請求
請求,通院
本人,嫌
嫌,思い
思い,普通
透析,患者
間,入れ替わり
入れ替わり,通院
なかった,連絡
ホーム,定期的
定期的,往診
往診,苦情
父,通院
十分,医療
医療,ホーム
ホーム,薬
薬,複数
複数,処方
処方,体調
体調,往診
往診,ほしい
職員,体調
体調,変化
見舞い,身
身,不便
不便,周囲
周囲,道路
必要,車
車,道
道,複雑
複雑,案内
医療,体制
入院,病院
病院,入院
入院,許可
許可,大変
大変,ありがたい
ありがたい,建物
バス,トイレ
トイレ,洗面
洗面,ベット
共有,スペース
スペース,リハビリ
リハビリ,スペース
理学療法士,常駐
常駐,風呂
新しい,明るい
明るい,綺麗
綺麗,季節
季節,行事
利用,家賃
家賃,相当
相当,管理費
管理費,食費
食費,合計
非常,リーズナブル
リーズナブル,設定
要介護,管理費
調理,栄養士
栄養士,カロリー
カロリー,計算
声,看護師
看護師,日
日,中
中,常勤
常勤,ケア
常勤,定期的
定期的,医師
医師,歯科
歯科,往診
往診,緊急
総合病院,協力
協力,医療機関
東川口駅,徒歩
徒歩,位置
位置,周り
風景,場所
場所,オープン
オープン,綺麗
シンプル,個室
個室,エントランス
入所,談笑
音楽,コンサート
コンサート,書道
書道,散歩
自然,要介護
要介護,月額
リーズナブル,四季
四季,素材
食堂,美味しい
美味しい,笑顔
明るい,元気
サポート,日
日,中
中,看護士
看護士,常勤
常勤,胃ろう
胃ろう,患者
総合病院,提携
提携,医師
最寄り駅,ＪＲ
東川口駅,駅
共同,スペース
スペース,使用
使用,やすい
やすい,風呂
風呂,要介護
要介護,週
週,入浴
入浴,リハビリ
個室,満足
満足,広い
広い,バリアフリー
バリアフリー,万全
万全,措置
措置,景色
満足,車いす
母,手
参加,残念
料理,工夫
わがまま,美味しい
美味しい,残念
母,食欲
興味,車いす
車いす,外
外,公園
公園,桜
桜,紅葉
紅葉,元気
元気,車いす
数,少ない
少ない,高額
高額,サービス
サービス,納得
複雑,思い
思い,高額
レストラン,サービス
サービス,大変
外部,利用者
納得,支払い
わがまま,美味しい
美味しい,想定内
想定内,美味しい
美味しい,味付け
味付け,薄味
こだわり,パン
忙しい,連絡
連絡,連絡
気持ち,細やか
細やか,介助
介助,食堂
食堂,認知
認知,高齢
高齢,男性
若い,男性
様子,手
手,フロント
看護師,常勤
常勤,母
母,認知
自分,看護師
看護師,医師
印象,ヘルパー
不満,ヘルパー
ヘルパー,嫌
嫌,自分
自分,ヘルパー
対策,トイレ
トイレ,介助
スーパー,公園
公園,自然
自然,豊か
豊か,車いす
車いす,散歩
公園,満足
静か,自分
入所,寂しい
美味しい,パン
人,利用
利用,母
利用,バリアフリー
バリアフリー,車いす
車いす,移動
我が家,参加
参加,状態
おむつ,我が家
本人,銀行口座
銀行口座,引き落とし
引き落とし,なかった
流動食,ミキサー
ミキサー,配膳
配膳,元気
元気,メニュー
開設,義母
きれい,居室
居室,窓
窓,大きい
大きい,明るい
明るい,広い
広い,書道
書道,手芸
手芸,サークル
サークル,参加
参加,人
人,義母
義母,書道
書道,サークル
サークル,参加
参加,祖母
祖母,居室
ロビー,フロア
フロア,小さい
小さい,ショップ
パン,退屈
居室,個室
個室,トイレ
トイレ,広い
広い,やすい
やすい,洗濯機
洗濯機,設置
設置,可能
可能,洗濯
洗濯,クリーニング
クリーニング,サービス
外,元気
元気,人
人,スーパー
スーパー,コンビニ
コンビニ,外
外,買い物
買い物,可能
可能,訪問
訪問,車
車,駐車
駐車,やすい
やすい,やすい
やすい,特養
高額,価値
価値,個室
個室,プライバシー
プライバシー,確保
確保,自由
自由,家具
家具,テレビ
テレビ,冷蔵庫
レストラン,併設
併設,お見舞い
お見舞い,人
人,レストラン
予約,必要
必要,高級
高級,職員
職員,親切
親切,明るい
明るい,価格
屋上,庭
庭,プール
プール,大浴場
ロビー,コンサート
季節,雰囲気
雰囲気,催し
催し,月
月,義母
義母,祖母
不明,不満
不満,レベル
レベル,サービス
サービス,提供
提供,必要
必要,広い
広い,一般
余裕,人
人,無理
無理,個室
個室,狭い
狭い,他
各階,食堂
ご飯,暖かい
暖かい,ごはん
ごはん,幅
メニュー,選択
選択,食欲
食欲,量
食堂,家庭
食堂,全員
温かい,温かい
温かい,味
味,いい
いい,知人
知人,勤務
勤務,印象
知人,訪問
訪問,あいさつ
歯科,併設
便利,内科
内科,診療
診療,持病
持病,人
人,薬
薬,処方
処方,薬局
薬局,状態
状態,悪い
悪い,人
人,病院
看護,体制
体制,知人
知人,勤務
タクシー,夜勤
夜勤,やすい
やすい,団地
やすい,公共交通機関
公共交通機関,にくい
にくい,マイカー
マイカー,やすい
やすい,駐車
駐車,広い
広い,向かい
向かい,スーパー
スーパー,小さい
小さい,ショッピングセンター
ショッピングセンター,コンビニ
コンビニ,ホームセンター
ホームセンター,公園
公園,近い
近い,公共交通機関
公共交通機関,バス停
バス停,バス
バス,本数
本数,団地
団地,本数
本数,最寄り駅
最寄り駅,タクシー
マイカー,便利
便利,いい
いい,公共交通機関
公共交通機関,づらい
喫煙,各階
各階,義母
義母,祖母
祖母,お酒
許可,有料老人ホーム
有料老人ホーム,マンション
マンション,生活
生活,フロア
自由,開設
開設,人気
人気,きれいな
行事,サークル
サークル,楽しい
楽しい,体操
体操,楽しい
価格,高め
高め,おいしい
おいしい,メニュー
印象,外
便利,味
味,行事
元気,優しい
優しい,病院
病院,隣接
不安,医師
医師,巡回
巡回,元気
元気,車
便利,近隣
外,づらい
づらい,見学
見学,ケーキ
ケーキ,飲み物
飲み物,親切
親切,建物
建物,自体
自体,新しい
新しい,売店
売店,レストラン
レストラン,病院
内容,悪い
花見,紅葉狩り
紅葉狩り,車
車,写真
写真,弁当
月額,大変
大変,金額
金額,本人
本人,お金
お金,年金
年金,我が家
我が家,自分
自分,金額
金額,おむつ
安い,いい
大変,不満
食欲,母
外部,提供
提供,廊下
不満,改善
楽しみ,一つ
一つ,改善
改善,ほしい
自体,新しい
新しい,レストラン
レストラン,売店
売店,ロビー
ロビー,広い
広い,受付
受付,訪問者
訪問者,チェック
チェック,満足
人数,内科
内科,歯科
提携,病院
便利,スーパー
スーパー,薬局
面会,アクセス
周り,環境
環境,いい
いい,お酒
喫煙,ルーム
ルーム,自室
日常生活,元気
元気,自由
訪問,連絡
連絡,電話
いい,男性
男性,若い
若い,ヘルパー
ヘルパー,教育
教育,行事
母,参加
高額,十分
十分,サービス
間,母
母,参加
参加,各階
各階,看護師
郊外,車
レストラン,昼食
公園,車椅子
車椅子,散歩
散歩,冬
冬,寒い
最後,ベット
ベット,日常
日常,生活
生活,自由
自由,入浴
喫煙,楽しみ
新しい,清潔
トイレ,十分
十分,スペース
窓,風景
風景,解放
解放,個室
プライバシー,防音
防音,各階
各階,食堂
風呂,別
別,場所
場所,職員
職員,不便
不便,場所
場所,駅
駅,車
車,駐車場
駐車場,広い
広い,一般
やすい,食堂
食堂,売店
売店,フロント
催し,フロント
フロント,室内
催し,開催
一緒に,歌
いろいろ,種類
種類,行事
買い物,クラブ
趣味,設備
高め,サービス
サービス,充実
充実,病院
安い,サービス
サービス,質
質,欲しい
サービス,バランス
内容,ごはん
提供,具合
具合,悪い
悪い,自室
自室,職員
職員,若い
印象,挨拶
挨拶,笑顔
笑顔,応対
応対,明るい
明るい,雰囲気
明るい,清潔感
具合,悪い
悪い,病院
病院,運営
他,病院
車,駐車場
駐車場,広い
広い,スーパー
スーパー,銀行
銀行,コンビニ
コンビニ,ホームセンター
レストラン,売店
売店,郊外
郊外,緑
静か,場所
場所,最初
最初,不安
十分,説明
暗い,雰囲気
エントランス,調度
豪華,雰囲気
玄関,部分
部分,上品
共有,スペース
スペース,居室
居室,通常
利用,可能
可能,収納
トイレ,車いす
低い,やすい
ポイント,バルコニー
バルコニー,窓
窓,ガラス
入所,娯楽
娯楽,提供
提供,カルチャー
カルチャー,関連
関連,娯楽
娯楽,手芸
REC,人気
人気,皆さん
皆さん,お茶
お茶,談笑
無い,形
家賃,食費
発生,月額
月額,合計
合計,程度
程度,老人ホーム
老人ホーム,料金
料金,高め
種類,選択
選択,好き
好き,糖尿病
糖尿病,刻み
安心感,内容
高齢者,メニュー
若い,元気
元気,男性
男性,医療
医療,提携
提携,クリニック
隣接,場所
治療,内科
内科,主
主,外科
外科,治療
治療,必要
必要,別
別,病院
病院,利用
担当,内容
内容,十分
住宅街,店
店,地域
散歩,最寄り駅
駐車場,お見舞い
お見舞い,車
車,オーケー株式会社
オーケー株式会社,広い
個室,プライバシー
プライバシー,保護
満足,室内
室内,照明
照明,暗い
次,訪問
訪問,なかった
なかった,迅速
お願い,様々
様々,催し物
催し物,企画
高齢,参加
安い,他
負担,程度
不満,口
普通,本人
本人,満足
満足,受付
信頼,自宅
自宅,車
車,普通
普通,ホール
ホール,団らん
団らん,スペース
スペース,テレビ
テレビ,ほしい
清潔感,廊下
廊下,広い
広い,面接
面接,会話
会話,スペース
スペース,十分
十分,確保
付属,庭
庭,季節
季節,花
花,季節
記憶,清潔
清潔,室内
室内,明るい
明るい,リハビリ
定期的,専門
専門,職員
職員,個人
個人,個人
個人,内容
内容,リハビリ
リハビリ,完全
認知症,患者
全員,参加
面接,訪問
軽い,患者
お花見,参加
参加,程度
職員,方々
方々,心
状態,月額
負担,厳しい
厳しい,面
面,本人
重要,我が家
我が家,完全
本人,納得
期間,延長
延長,経済的
経済的,負担
負担,金額
金額,父
父,入所
入所,時点
時点,高齢
面接,日常
面,不満
不満,範囲
高齢者,やさしい
やさしい,メニュー
認知症,方々
高い,方々
方々,エリア
エリア,生活
生活,最初
適切,感心
感心,記憶
方々,素晴らしい
素晴らしい,注文
医師,方々
運営,職員
職員,方々
本人,口
医師,看護師
看護師,不満
面接,環境
環境,完全
完全,介護施設
介護施設,場所
我が家,手
我が家,父
必要,都心
エントランス,内部
内部,高級
作り,清掃
清掃,個室
見学,見学
清掃,防音
防音,対策
対策,プライバシー
プライバシー,保護
保護,バリアフリー
フロアー,リハビリ
リハビリ,歩行
歩行,訓練
訓練,食堂
女性,利用者
利用者,男性
男性,不明
装飾,身
身,おしゃれ
おしゃれ,工夫
敷地,庭園
庭園,自由
明確,回答
回答,推測
推測,域
域,高額
世間,一般
一般,非常
非常,高い
高い,水準
場面,見学
身なり,礼儀
礼儀,正しい
正しい,印象
駅,交通手段
交通手段,車
車,楽
楽,方法
方法,交通
交通,便
便,不便
不便,周囲
周囲,環境
環境,周囲
周囲,駅
駅,コンビニ
コンビニ,少ない
少ない,生活
生活,なかった
大変,広い
広い,清潔
清潔,綺麗
綺麗,個室
個室,広い
広い,病院
病院,独特
独特,匂い
豊富,充実
充実,利用者
料理,内容
一緒に,生活
高額,内容
個室,月
面会,顔
定期的,医師
面談,利用者
利用者,状況
電車,最寄駅
最寄駅,徒歩
徒歩,病院
病院,送迎
送迎,バス
運行,タクシー
建物,外観
外観,自体
自体,正直
エントランス,内部
内部,高級
作り,清掃
清掃,個室
見学,見学
清掃,防音
防音,対策
対策,プライバシー
プライバシー,保護
保護,バリアフリー
フロアー,リハビリ
リハビリ,歩行
歩行,訓練
訓練,食堂
食堂,見学
女性,利用者
利用者,男性
男性,不明
装飾,身
身,おしゃれ
おしゃれ,工夫
敷地,庭園
明確,回答
回答,推測
推測,域
域,一般
一般,水準
水準,高額
利用者,有名
有名,大学
世間,一般
一般,非常
非常,高い
高い,水準
場面,見学
見学,推測
推測,域
世間,一般
それなり,パーティー
身なり,利用者
雰囲気,見学
利用者,介助
回答,話
話,認知症
認知症,胃瘻
胃瘻,利用者
駅,交通手段
交通手段,車
車,楽
楽,方法
方法,交通
交通,便
便,不便
不便,周囲
周囲,環境
環境,周囲
周囲,駅
駅,コンビニ
コンビニ,人
静か,場所
最寄り駅,遠い
遠い,参加
参加,無理
無理,参加
欲しい,高い
紹介,高級
高級,演出
負担,大変
措置,美味しい
美味しい,キレイ
併設,病院
病院,診察
診察,手続き
手続き,面倒
面倒,本人
見舞い,にくい
寒い,地域
許可,本人
自宅,家
清潔,臭い
臭い,なかった
なかった,本人
本人,清潔
清潔,ベット
ベット,スペース
スペース,なかった
なかった,庭園
庭園,四季
四季,花
花,散歩
散歩,準備
準備,夏
随所,配慮
配慮,レストラン
レストラン,広い
広い,スペース
スペース,一緒に
可能,図書
図書,整備
整備,すごい
すごい,月
会食,充実
充実,安い
充実,高い
高い,金額
母,感想
様子,おいしい
24時間,面会
面会,可能
配慮,自然
自然,豊か
豊か,場所
清潔,明るい
明るい,雰囲気
雰囲気,共用
共用,スペース
スペース,充実
充実,季節
季節,行事
行事,病院
高齢,患者
患者,体調
急,変化
変化,医者
医者,医療
充実,病院
病院,大変
普通,おいしい
おいしい,選択
選択,希望
希望,お願い
気持ち良い,医師
医師,看護師
看護師,医療
患者,一般
一般,病院
充実,自宅
自宅,車
車,大変
大変,週
週,電車
電車,最寄駅
最寄駅,病院
病院,バス
バス,運行
運行,病院
病院,周囲
周囲,緑
静か,病院
病院,相談
大丈夫,条件
条件,希望
希望,待機
待機,期間
期間,長い
スペース,公園
ホール,コンサート
コンサート,本
本,ライブラリー
せり,設備
設備,居室
窓,広い
広い,明るい
明るい,雰囲気
雰囲気,お花見
お花見,季節
囲碁,趣味
趣味,活動
活動,コンサート
コンサート,充実
充実,それなり
それなり,価格
価格,設定
設定,設備
設備,非常
納得,価格
談笑,楽しい
楽しい,環境
看護,爽やか
医療,相談
相談,相談
相談,担当
話,信頼
病院,付属
医師,人数
人数,十分
駅,バス
バス,利用
最寄り駅,送迎
送迎,バス
バス,利用
利用,川
静か,環境
共有,スペース
スペース,非常
非常,広い
広い,居住者
居住者,いろいろ
いろいろ,会話
会話,四季
四季,さまざま
さまざま,企画
企画,用意
用意,春
春,お花見
お花見,夏
冬,クリスマス
クリスマス,価格
価格,安い
安い,安い
安い,料理
料理,栄養
栄養,すごい
バランス,明るい
コミュニケーション,頻繁
頻繁,居住者
居住者,職員
職員,同士
同士,機会
機会,雰囲気
24時間,体制
品川駅,バス
バス,頻繁
頻繁,やすい
やすい,職員
職員,皆さん
皆さん,優しい
優しい,特徴
共有,スペース
スペース,居室
居室,トイレ
トイレ,フロア
フロア,天井
天井,高い
高い,明るい
明るい,清潔感
バリアフリー,車椅子
車椅子,移動
移動,やすい
やすい,リハビリ
リハビリ,専門
専門,職員
職員,利用者
利用者,リハビリ
訓練,専門
専門,リハビリ
リハビリ,職員
春,外
外,桜
桜,お花見
お花見,移動
高い,利用者
利用者,職員
職員,人数
人数,確保
確保,他
他,季節
行事,外
高い,参加
参加,行事
ダンス,体操
体操,歌
歌,フロア
フロア,職員
職員,詳しい
詳しい,介護保険
きれい,丁寧
丁寧,美味しい
医師,利用者
管理,必要
必要,最適
最適,治療
治療,常食
常食,見た目
常食,治療
印象派,なかった
明るい,利用者
利用者,アットホーム
アットホーム,雰囲気
雰囲気,会話
ケアマネ,常駐
常駐,不安
不安,問い合わせ
問い合わせ,利用者
高い,認知
隣,グループ
グループ,病院
病院,体調
体調,悪い
悪い,病院
病院,受診
受診,職員
職員,人数
人数,十分
十分,夜勤
夜勤,看護師
看護師,常駐
常駐,医療
必要,利用者
胃瘻,認知
可能,メイン
メイン,道路
場所,メイン
メイン,道路
最寄駅,徒歩圏内
徒歩圏内,車
車,駐車場
駐車場,広い
周辺,コンビニ
コンビニ,スーパー
スーパー,場所
場所,自動車
自動車,関係
関係,会社
会社,道路
道路,交通量
交通量,おおい
おおい,安全
待機,人数
設備,新しい
新しい,完備
完備,職員
職員,親切
親切,訪問
訪問,交通
交通,便
十分,広い
広い,プライバシー
プライバシー,心配
誕生,開催
開催,楽しい
楽しい,様子
様子,定期的
外出,付き添い
付き添い,方
方,大変
大変,外
外,本人
本人,気分転換
年金,区立
安い,介護施設
味,悪い
悪い,量
記憶,なかった
なかった,一緒
一緒,口
口,感心
明るい,親切
親切,悪い
悪い,印象派
印象派,なかった
なかった,来訪
来訪,親切
親切,丁寧
丁寧,状況
状況,説明
説明,医療
心配,なかった
なかった,看護師
看護師,常駐
病院,搬送
搬送,港区
港区,病院
心配,場所
場所,交通
交通,便
不便,なかった
なかった,都心
周囲,環境
環境,気
気,建物
建物,駐車場
駐車場,確保
確保,見舞い
見舞い,不便
不便,なかった
なかった,区立
区立,内容
内容,設備
設備,充実
居室,清潔感
場所,寝室
寝室,スペース
スペース,十分
十分,広い
広い,共有
共有,スペース
スペース,綺麗
綺麗,清潔感
見学,面談
面談,建物
大会,誕生日
祭り,開催
老人ホーム,比較
安い,他
安い,金額
金額,外観
外観,高級
高級,マンション
マンション,印象
清潔感,大変
大変,いい
親身,我が家
相談,JR
品川駅,徒歩
徒歩,大変
大変,駅
駅,バス
車,面会
面会,不便
不便,場所
見た目,マンション
エントランス,居室
居室,廊下
廊下,清掃
清掃,感想
綺麗,快適
快適,知人
知人,居室
居室,拝見
拝見,清潔感
清潔感,空間
空間,イメージ
一室,雰囲気
雰囲気,四季
クリスマス,心配
入院,冷たい
冷たい,料理
温かい,年寄り
年寄り,和食
和食,中心
中心,メニュー
メニュー,提供
提供,魅力
魅力,寒い
寒い,冬
季節感,生活
生活,知人
知人,好評
好評,訪問
すごい,丁寧
あと,丁寧
説明,知人
知人,生活
生活,様子
様子,知人
知人,職員
信頼,居室
居室,共有
共有,スペース
スペース,快適
区立,特別養護老人ホーム
自体,明るい
明るい,雰囲気
雰囲気,快適
玄関,廊下
廊下,食堂
食堂,トイレ
トイレ,共用
共用,スペース
スペース,玄関
玄関,廊下
廊下,食堂
食堂,トイレ
トイレ,共用
共用,スペース
スペース,清潔
清潔,やすい
やすい,段差
段差,手すり
手すり,設置
設置,ドア
ドア,幅
幅,バリアフリー
バリアフリー,状態
いろいろ,面
面,配慮
味,美味しい
メニュー,豊富
豊富,栄養
栄養,バランス
バランス,健康的
健康的,程よい
程よい,体
体,運動
運動,ストレッチ
ストレッチ,体
明確,やすい
やすい,高い
高い,安い
安い,満足
満足,薄味
和食,中心
中心,栄養
栄養,バランス
バランス,満足
表情,やさしい
やさしい,挨拶
挨拶,品
夜間,医者
便利,駅
駅,近い
近い,訪問
訪問,やすい
やすい,大きい
大きい,道路
道路,車
車,やすい
やすい,建物
建物,上
入り口,別
館内,静か
静か,雰囲気
雰囲気,建物
建物,自体
比較,廊下
廊下,居室
居室,広い
居室,設備
設備,シンプル
シンプル,ベッド
ベッド,頭
お見舞い,写真
写真,スペース
スペース,ベッド
ベッド,周り
入り口,名前
名前,人数
人数,記載
記載,各階
各階,ケア
季節,さまざま
寝たきり,祖母
祖母,体調
お花見,レ
レ,Creation
Creation,参加
参加,様子
祖母,姿
姿,楽しみ
楽しみ,写真
写真,祖母
表情,素敵
料金,事前
事前,確認
確認,詳しい
詳しい,説明
説明,建物
建物,自体
自体,新しい
新しい,きれい
妥当,食堂
食堂,食堂
食堂,一緒
一緒,栄養
栄養,管理
管理,調理
調理,個々
個々,メニュー
メニュー,祖母
辛い,流動食
流動食,口
頭,思い
味,祖母
祖母,居住
居住,寝たきり
寝たきり,基本的
基本的,静か
雰囲気,明るい
明るい,元気
元気,声
薄い,祖母
祖母,刺激
刺激,忙しい
忙しい,来客
来客,子供
子供,にこやか
にこやか,くだ
素晴らしい,話
話,気軽
気軽,くだ
くだ,気
気,やすい
やすい,風呂
風呂,男性
気持ち,いい
アットホーム,雰囲気
雰囲気,病院
体調,変化
祖父,入所
処置,体調
連絡,早い
早い,親族
親族,ＪＲ
ＪＲ,品川駅
品川駅,最寄り
最寄り,遠い
遠い,健康
人,にくい
にくい,駅
利用,いい
スーパー,コンビニ
図書館,品川駅
品川駅,周辺
雰囲気,静か
静か,環境
近隣,公園
公園,川
川,長い
都会,自然
緑,綺麗
綺麗,日当たり
お花見,外出
車椅子,大変
大変,他
他,参加
参加,づらい
づらい,支払い
支払い,口座
口座,引き落とし
引き落とし,便利
安い,妥当
妥当,金額
金額,評価
評価,メニュー
メニュー,栄養
栄養,バランス
バランス,健康
本人,薄味
薄味,嬉しい
挨拶,声
声,優しい
優しい,丁寧
丁寧,親切
親切,元気
丁寧,連絡
感謝,異変
異変,連絡
連絡,状況
関係,非常
連絡,自宅
自宅,遠い
遠い,周辺
周辺,スーパー
スーパー,コンビニ
コンビニ,便利
便利,自然
充実,建物
建物,建物
建物,明るい
明るい,きれい
茶色,インテリア
いい,ボランティア
ボランティア,写真
写真,本格的
行事,楽しい
楽しい,駅
駅,駅
道路,やすい
やすい,認知症
認知症,利用
利用,本人
本人,職員
連絡,細か
清潔,明るい
気持ちよい,様々
様々,行事
行事,体
健康,配慮
配慮,特別養護老人ホーム
年金,範囲
範囲,十分
十分,感謝
感謝,メニュー
メニュー,豊富
豊富,味付け
味付け,適切
明るい,親切
親切,笑顔
体調,急変
急変,サポート
サポート,体制
自宅,徒歩
徒歩,場所
明るい,挨拶
挨拶,気持ち
居室,広い
広い,なかった
なかった,清潔
清潔,プライバシー
プライバシー,確保
確保,運動会
退屈,工夫
低い,経済的
経済的,大変
大変,メニュー
メニュー,豊富
工夫,味付け
味付け,薄味
薄味,年配
親切,やさしい
やさしい,高齢者
提携,医療機関
医療機関,迅速
自宅,車
車,距離
安心感,インテリア
廊下,スペース
スペース,広め
広め,圧迫
圧迫,生活
生活,やすい
やすい,非常
非常,配慮
配慮,ボランティア
ボランティア,写真
写真,立派
本人,話
話,写真
写真,様子
本人,味付け
おやつ,献立
献立,ケアマネ
ケアマネ,非常
普通,状態
状態,ケアマネ
ケアマネ,不安
不安,状況
状況,理解
理解,プラン
プラン,最寄駅
最寄駅,遠い
立地,駅
難しい,バス停
バス停,近い
近い,通り
通り,面会
面会,非常
非常,便利
便利,場所
場所,風呂
娯楽,綺麗
綺麗,建物
利用者,やすい
やすい,お花見
お花見,話
話,楽しい
利用者,楽しみ
楽しみ,満足
満足,お正月
ボランティア,日
夜間,体制
体制,雰囲気
駅,バス
バス,便
便,バス
建物,静か
静か,敷地
コンビニ,不満
不満,人
人,移動
移動,車いす
車いす,人
建物,装飾
ドア,状態
声,他
声,人
気,立地
正直,工夫
工夫,いい
いい,祖父
利用,共同
共同,スペース
スペース,テレビ
テレビ,音
日,中
楽しい,祖父
メニュー,工夫
建物,自由
自由,いい
いい,雰囲気
皆さん,明るい
明るい,親切
バス停,建物
建物,目
目,バス
バス,本数
徒歩,立地
立地,訪問
訪問,やすい
やすい,ホーム
ホーム,コンビニ
コンビニ,道路
人,嫌
嫌,気持ち
気持ち,他
一般的,相場
相場,価格
価格,栄養
栄養,バランス
バランス,清潔
清潔,量
量,普通
普通,要望
要望,体制
体制,明るい
明るい,爽やか
爽やか,イメージ
利用,満足
満足,印象
印象,特別
印象,閑静
閑静,住宅地
住宅地,静か
静か,佇まい
佇まい,環境
新しい,設備
設備,玄関
玄関,アットホーム
アットホーム,アットホーム
清潔,病院
病院,アットホーム
いろいろ,体験
体験,プログラム
プログラム,規模
規模,小さい
高級,値段
新しい,きれい
きれい,規模
規模,小さい
小さい,心配
心配,運営
運営,おいしい
おいしい,予約
予約,体調
体調,不満
親切,アットホーム
看護師,常駐
自然,豊富
豊富,高級
高級,住宅地
住宅地,最寄駅
アクセス,悪い
規模,小さい
小さい,気
気,人
個室,広い
広い,綺麗
綺麗,高級
高級,素敵
素敵,明るい
食堂,素敵
美味しい,建物
建物,設備
設備,環境
環境,満足
高い,コンサート
コンサート,映画
映画,楽しい
楽しい,手芸
手芸,教室
教室,楽しい
月々,高い
外出,自由
自由,駅
使用,設備
設備,管理
管理,細やか
細やか,配慮
配慮,静か
静か,環境
風呂,嬉しい
嬉しい,建物
建物,外観
居室,洋室
洋室,和室
和室,内装
自分,好み
可能,自分
好み,有難い
有難い,知人
管理費,設備
お金,お金
お金,余裕
余裕,納得
納得,価格
価格,設定
設定,栄養
栄養,バランス
見た目,見た目
食欲,好み
周り,自然
自然,豊か
秋,美しい
美しい,紅葉
雰囲気,面
面,共有
共有,スペース
コミュニケーション,重要
重要,職員
職員,細か
細か,気配り
気配り,面
面,レ
レ,Creation
Creation,充実
充実,アクティビティ
年寄り,興味
紅葉狩り,夏祭り
夏祭り,季節
介護食,素晴らしい
メニュー,栄養
栄養,カロリー
カロリー,やすい
部分,メニュー
楽しみ,職員
職員,意識
意識,高い
部分,職員
職員,意識
意識,高い
高い,老人ホーム
老人ホーム,高い
高い,価値
アクセス,抜群
抜群,都会
都会,親族
親族,距離
距離,都内
老人ホーム,居室
居室,雰囲気
ヒーター,床暖房
洗濯機,設置
設置,便利
便利,ナースコール
設置,洋室
洋室,和室
希望,近い
共有,スペース
高級,ダイニング
和室,バリアフリー
バリアフリー,大浴場
十分,満足
満足,季節
季節,行事
行事,開催
さまざま,企画
自分,興味
興味,楽しい
楽しい,充実
充実,毎日
設備,内装
内装,贅沢
贅沢,作り
明るい,心
立地,妥当
妥当,金額
野菜,食材
食材,提供
十分,満足
満足,季節
館内,高級
高級,贅沢
贅沢,雰囲気
笑顔,明るい
満足,明るい
24時間,常駐
地域,医療機関
医療機関,連携
都心,近い
近い,位置
位置,緑
緑,豊か
豊か,地域
地域,多摩川
多摩川,近い
近い,良好
良好,環境
小田急線,成城学園前
成城学園前,中間
東京,インター
近い,親族
親族,友人
友人,気軽
気軽,便利
世田谷,自然
自然,豊か
豊か,場所
場所,佇まい
佇まい,閑静
閑静,住宅街
屋上,開放
花火,室内
室内,インターホン
インターホン,完全
完全,マンション
マンション,一室
一室,綺麗
綺麗,室内
室内,静か
静か,空間
空間,他
他,気兼ね
生活,見学
見学,元気
元気,案内
遠い,祖母
祖母,丁寧
丁寧,説明
遠い,印象
印象,バス
バス,友達
友達,高齢
高齢,バス
バス,おすすめ
おすすめ,居室
洗濯機,設置
設置,家具
家具,自分
自分,好み
好み,設置
設置,床暖房
床暖房,完備
IH,ヒーター
ヒーター,設置
設置,料理
料理,可能
可能,居室
居室,自分
自分,ペット
可能,魅力的
魅力的,自分
自分,趣味
趣味,クラブ活動
手芸,季節
お花見,夏祭り
夏祭り,紅葉狩り
設備,サービス
サービス,充実
充実,総合
総合,値段
値段,妥当
調理,味
味,見た目
見た目,美しい
美しい,目
明るい,気持ち
方々,充実
充実,暮らし
暮らし,表情
表情,穏やか
穏やか,印象
印象,定期的
定期的,開催
看護師,24時間
24時間,常駐
常駐,夜間
日,中
中,看護
数,他
配置,手厚い
手厚い,看護
看護,成城学園
成城学園,バス
バス,駅
駅,遠い
遠い,環境
自然,環境
居室,自体
自体,居
気持ちよい,利用
利用,綺麗
綺麗,状態
状態,基本
基本,洋室
洋室,和室
可能,居室
居室,広め
広め,トイレ
トイレ,車椅子
楽しい,レクリエーション
レクリエーション,体操
体操,散歩
散歩,訪問
洋服,ボランティア
ボランティア,歌
歌,先生
先生,歌
歌,近所
近所,子供
充実,毎日
旅行,行事
行事,お正月
お正月,クリスマス
クリスマス,運動会
運動会,夏祭り
夏祭り,職員
職員,ダンス
生活,サポート
サポート,質
質,高い
高い,相応
相応,金額
金額,料理
料理,専属
味,高齢
高齢,美味しい
美味しい,メニュー
メニュー,豊富
豊富,品数
美味しい,やすい
和食,1日
1日,メニュー
メニュー,外観
外観,高級
高級,エントランス
エントランス,広い
綺麗,玄関
花,挨拶
挨拶,声
往診,万が一
万が一,病院
病院,心配
病院,万が一
万が一,入院
入院,サポート
看護,体制
体制,夜間
夜間,看護師
駅,近い
近い,電車
電車,来訪
来訪,便利
便利,駐車場
駐車場,車
車,住宅地
住宅地,静か
個人,個人
個人,要望
職員,買い物
可能,外出
外出,送迎
遠方,定期的
定期的,連絡
きれい,車いす
車いす,移動
通路,広い
広い,個室
個室,入り口
入り口,車いす
室内,トイレ
トイレ,ドア
ドア,車いす
車いす,利用
利用,工夫
工夫,ドア
ドア,ホール
月々,状態
昼食,希望
笑顔,挨拶
挨拶,お茶
医療機関,診察
診察,必要
必要,事前
事前,丁寧
丁寧,説明
駅,場所
大通り,中
中,車
車,通り
通り,少ない
少ない,静か
静か,立地
外,外出
外出,サポート
サポート,万が一
万が一,トラブル
料金,高め
露天風呂,建物
建物,美しい
美しい,妥当
妥当,高級
高級,老人ホーム
手作り,印象
印象,清潔
嫌,顔
看護師,当たり
数,無理
サポート,医師
医師,業務
業務,形態
形態,急
急,体調
体調,診察
診察,多摩川
多摩川,東京
自然,駅
駅,徒歩圏内
徒歩圏内,アクセス
アクセス,やすい
やすい,場所
場所,高級
高級,老人ホーム
老人ホーム,通り
にこやか,設備
値段,サービス
サービス,明るい
明るい,雰囲気
雰囲気,ドア
ドア,病院
病院,個室
場所,万全
本人,すごい
すごい,車椅子
車椅子,準備
サポート,無い
無い,充実
充実,非常
非常,値段
値段,高い
高い,個人
個人,契約
契約,契約
別,要介護
要介護,身内
身内,使用
使用,残念
残念,本人
本人,満足
満足,健康
健康,献立
献立,感謝
感謝,清潔
清潔,目
目,印象
印象,目
目,印象
印象,便利
周囲,記憶
最後,丁寧
丁寧,手厚い
手厚い,サポート
サポート,感謝
皆さん,親切
クリニック,建物
共同,不便
お世話,父
父,居心地
散歩,満足
満足,長い
長い,お世話
お世話,厳しい
年金,長い
長い,足
きれい,自分
自分,身の回り
不自由,様子
声,家
暖かい,気持ち
気持ち,お世話
体制,父
父,認知症
認知症,体
体,不自由
お世話,なかった
なかった,自宅
自宅,車
車,不便
明るい,解放
解放,印象
印象,本人
本人,満足
雰囲気,寂しい
感,他
嬉しい,本人
元気,非常
非常,印象
印象,モノレール
モノレール,駅
駅,交通
交通,便
人,不便
不便,利用
利用,次
ロビー,天井
天井,高い
高い,明るい
明るい,光
光,雰囲気
高級,老人ホーム
老人ホーム,豪華
他,共有
共有,スペース
スペース,ダイニング
ダイニング,快適
快適,空間
空間,ダイニング
ダイニング,外
テラス,人気
人気,露天風呂
露天風呂,温泉
温泉,気分
気分,居室
居室,室
室,個室
個室,トイレ
トイレ,洗面
洗面,広い
広い,自分
自分,家具
家具,好み
踊り,歌
陶芸,興味
興味,盛りだくさん
盛りだくさん,用意
用意,季節
季節,遠足
遠足,旅行
見学,有料老人ホーム
有料老人ホーム,高級
内容,充実
充実,露天風呂
露天風呂,設置
設置,確か
確か,素晴らしい
素晴らしい,料金
料金,気軽
気軽,利用
手作り,栄養
栄養,バランス
バランス,カロリー
カロリー,配慮
配慮,季節
季節,素材
素材,幅広い
幅広い,利用
利用,変化
変化,メニュー
メニュー,用意
用意,和食
和食,洋食
献立,誕生日
誕生日,特別
特別,メニュー
メニュー,提供
提供,大型
大型,タイプ
タイプ,老人ホーム
アットホーム,雰囲気
人数,多め
お仕事,内科
内科,外科
外科,リハビリ
リハビリ,歯科
非常,手厚い
期待,体制
体制,敷地
敷地,クリニック
クリニック,併設
健康,管理
管理,通院
通院,非常
非常,便利
徒歩,アクセス
面会,非常
非常,楽
楽,自然
自然,豊か
エリア,静か
静か,生活環境
生活環境,新しい
新しい,ホーム
ホーム,広い
広い,解放
テラス,天気
天気,いい
リーズナブル,値段
値段,ほしい
人,大切
大切,雰囲気
明るい,会話
会話,印象的
印象的,体験
すごい,遠い
遠い,車
車,お迎え
お迎え,体験
車,遠い
遠い,お迎え
お迎え,必要
必要,担当
担当,印象的
印象的,JR
JR,駅
駅,場所
場所,土地
モノレール,距離
新しい,清潔感
清潔感,理学療法士
理学療法士,常駐
常駐,個人的
個人的,プログラム
プログラム,運動
運動,運動
評価,月々
確認,遠方
様子,確認
確認,楽しい
楽しい,月々
参加,笑顔
笑顔,写真
写真,基本的
基本的,月額
出費,遠方
遠方,外出
外出,付き添い
付き添い,出費
お世話,お願い
満足,毎日
毎日,おやつ
明るい,若い
認知症,話
義母,話
様子,ありがたい
ありがたい,要介護
要介護,高い
高い,サロン
サロン,にぎやか
医療,体制
管理,不安
要介護,要介護
アクセス,いい
いい,皆さん
皆さん,応対
応対,丁寧
丁寧,親切
建物,新しい
新しい,共有
共有,スペース
スペース,きれい
きれい,川
川,景色
設備,妥当
妥当,料理
料理,栄養
栄養,バランス
楽しい,明るい
明るい,雰囲気
日,中
中,看護師
看護師,常駐
足,悪い
悪い,リハビリ
いい,最寄り
最寄り,駅
駅,大阪
アクセス,いい
見学,清潔
清潔,新しい
生活,行事
行事,計画
計画,説明
説明,運営
運営,見学
月,簡単
簡単,負担
負担,額
試食,運営
運営,生活
生活,説明
説明,女性
詳しい,説明
不明,心配
心配,マンション
マンション,説明
詳しい,話
話,あと
高級,マンション
完全,個室
個室,プライバシー
プライバシー,確保
確保,居室
居室,白
白,茶色
おしゃれ,内装
内装,設備
設備,清潔
回り,清掃
設備,手
手,にくい
にくい,月々
平均,高い
他,水準
手頃,温かい
温かい,冷たい
冷たい,冷たい
おいしい,月々
月々,食費
食費,内容
内容,十分
十分,満足
カフェ,スペース
スペース,テラス
テラス,交流
交流,場所
満足,さまざま
さまざま,リハビリ
常駐,理学療法士
移動,居室
機能,訓練
徒歩,大型
大型,ショッピングセンター
ショッピングセンター,便利
便利,環境
環境,お見舞い
お見舞い,車
親切,明るい
明るい,開放
開放,高級
エントランス,外観
高い,月額
見た目,美しい
美しい,味
味,美味しい
美味しい,高齢者
マナー,素晴らしい
素晴らしい,笑顔
丁寧,説明
説明,大変
大変,好感
好感,認知症
リハビリ,力
力,様子
印象,駅
駅,程よい
程よい,距離
距離,周辺
周辺,病院
病院,スーパー
スーパー,便利
便利,母
母,一緒に
一緒に,見学
見学,大手
ワタミ,経営
経営,ホーム
ホーム,新しい
新しい,きれいな
きれいな,建物
建物,自宅
自宅,近い
近い,訪問
訪問,便利
便利,外観
外観,マンション
マンション,造り
ホーム,本格的
本格的,カフェ
生活,料理
料理,力
力,母
条件,母
味,一人暮らし
一人暮らし,食材
食材,調理
調理,品数
野菜,嬉しい
父,健康
健康,ホーム
ホーム,見学
見学,自宅
自宅,近い
周り,都会
都会,おしゃれ
緑,閑静
閑静,住宅街
住宅街,ホーム
ホーム,一見
一見,マンション
マンション,居室
居室,広い
広い,家具
家具,きれいな
きれいな,印象
ワタミ,経営
経営,ワタミ
ワタミ,カフェ
カフェ,おしゃれ
おしゃれ,カフェ
カフェ,ワタミ
ワタミ,経営
経営,料理
料理,素材
素材,力
メニュー,バリエーション
バリエーション,豊富
素材,使用
使用,特別
特別,メニュー
メニュー,ゴージャス
ゴージャス,高級
雰囲気,空間
ホーム,独特
有名,ワタミ
ワタミ,運営
運営,ホーム
大変,こだわり
こだわり,大変
すごい,印象
印象,おやつ
おやつ,試食
手作り,味
大変,美味しい
美味しい,見た目
見た目,店
満足,見学
定員,気
少ない,アクティビティ
アクティビティ,内容
内容,ホーム
ホーム,サービス
サービス,内容
内容,気
気,リハビリ
ホーム,大変
リハビリ,理学療法士
理学療法士,常駐
常駐,無料
無料,リハビリ
リハビリ,すごい
すごい,メリット
メリット,看護師
看護師,常駐
常駐,安心感
安心感,閑静
閑静,住宅街
住宅街,周辺
周辺,環境
環境,静か
ホーム,場所
場所,づらい
づらい,道
